Gmt time,Open,High,Low,Close,Volume
01.01.2024 00:00:00.000,1.10393,1.10393,1.10393,1.10393,0
01.01.2024 01:00:00.000,1.10393,1.10393,1.10393,1.10393,0
01.01.2024 02:00:00.000,1.10393,1.10393,1.10393,1.10393,0
01.01.2024 03:00:00.000,1.10393,1.10393,1.10393,1.10393,0
01.01.2024 04:00:00.000,1.10393,1.10393,1.10393,1.10393,0
01.01.2024 05:00:00.000,1.10393,1.10393,1.10393,1.10393,0
01.01.2024 06:00:00.000,1.10393,1.10393,1.10393,1.10393,0
01.01.2024 07:00:00.000,1.10393,1.10393,1.10393,1.10393,0
01.01.2024 08:00:00.000,1.10393,1.10393,1.10393,1.10393,0
01.01.2024 09:00:00.000,1.10393,1.10393,1.10393,1.10393,0
01.01.2024 10:00:00.000,1.10393,1.10393,1.10393,1.10393,0
01.01.2024 11:00:00.000,1.10393,1.10393,1.10393,1.10393,0
01.01.2024 12:00:00.000,1.10393,1.10393,1.10393,1.10393,0
01.01.2024 13:00:00.000,1.10393,1.10393,1.10393,1.10393,0
01.01.2024 14:00:00.000,1.10393,1.10393,1.10393,1.10393,0
01.01.2024 15:00:00.000,1.10393,1.10393,1.10393,1.10393,0
01.01.2024 16:00:00.000,1.10393,1.10393,1.10393,1.10393,0
01.01.2024 17:00:00.000,1.10393,1.10393,1.10393,1.10393,0
01.01.2024 18:00:00.000,1.10393,1.10393,1.10393,1.10393,0
01.01.2024 19:00:00.000,1.10393,1.10393,1.10393,1.10393,0
01.01.2024 20:00:00.000,1.10393,1.10393,1.10393,1.10393,0
01.01.2024 21:00:00.000,1.10393,1.10393,1.10393,1.10393,0
01.01.2024 22:00:00.000,1.10481,1.10491,1.10445,1.10453,1143.66
01.01.2024 23:00:00.000,1.10453,1.10454,1.10360,1.10369,2182.72
02.01.2024 00:00:00.000,1.10370,1.10385,1.10345,1.10385,4519.4199
02.01.2024 01:00:00.000,1.10383,1.10435,1.10344,1.10350,7618.2002
02.01.2024 02:00:00.000,1.10350,1.10360,1.10185,1.10190,5142
02.01.2024 03:00:00.000,1.10191,1.10251,1.10179,1.10247,6751.2998
02.01.2024 04:00:00.000,1.10248,1.10252,1.10168,1.10211,7286.4399
02.01.2024 05:00:00.000,1.10213,1.10340,1.10211,1.10337,6175.6602
02.01.2024 06:00:00.000,1.10338,1.10354,1.10271,1.10289,4564.6099
02.01.2024 07:00:00.000,1.10288,1.10382,1.10154,1.10157,19255.0508
02.01.2024 08:00:00.000,1.10158,1.10390,1.10158,1.10299,23006.25
02.01.2024 09:00:00.000,1.10299,1.10382,1.10110,1.10152,19393.3105
02.01.2024 10:00:00.000,1.10150,1.10172,1.09973,1.10077,20285.6895
02.01.2024 11:00:00.000,1.10078,1.10079,1.09668,1.09693,25486.7598
02.01.2024 12:00:00.000,1.09693,1.09720,1.09539,1.09540,16744.4707
02.01.2024 13:00:00.000,1.09540,1.09651,1.09495,1.09528,23255.4805
02.01.2024 14:00:00.000,1.09528,1.09642,1.09450,1.09633,23833.3203
02.01.2024 15:00:00.000,1.09634,1.09684,1.09412,1.09436,29375.6094
02.01.2024 16:00:00.000,1.09437,1.09619,1.09410,1.09566,14696.9102
02.01.2024 17:00:00.000,1.09567,1.09577,1.09462,1.09507,11084.8203
02.01.2024 18:00:00.000,1.09506,1.09562,1.09465,1.09470,7702.4902
02.01.2024 19:00:00.000,1.09470,1.09503,1.09430,1.09468,7697.5498
02.01.2024 20:00:00.000,1.09467,1.09514,1.09425,1.09433,6625.4902
02.01.2024 21:00:00.000,1.09433,1.09434,1.09385,1.09429,3790.6399
02.01.2024 22:00:00.000,1.09443,1.09479,1.09402,1.09425,1864.6899
02.01.2024 23:00:00.000,1.09427,1.09442,1.09412,1.09419,1914.12
03.01.2024 00:00:00.000,1.09420,1.09508,1.09414,1.09496,4962.29
03.01.2024 01:00:00.000,1.09496,1.09551,1.09451,1.09516,7462.7402
03.01.2024 02:00:00.000,1.09517,1.09533,1.09488,1.09526,3480.53
03.01.2024 03:00:00.000,1.09525,1.09624,1.09491,1.09611,4301.3701
03.01.2024 04:00:00.000,1.09609,1.09627,1.09590,1.09626,2764.6299
03.01.2024 05:00:00.000,1.09627,1.09630,1.09515,1.09515,4031.4299
03.01.2024 06:00:00.000,1.09514,1.09610,1.09513,1.09589,7064.77
03.01.2024 07:00:00.000,1.09586,1.09629,1.09517,1.09606,14453.5703
03.01.2024 08:00:00.000,1.09606,1.09655,1.09506,1.09529,18074.1699
03.01.2024 09:00:00.000,1.09528,1.09564,1.09351,1.09365,13637.3398
03.01.2024 10:00:00.000,1.09364,1.09392,1.09263,1.09282,10349
03.01.2024 11:00:00.000,1.09282,1.09299,1.09157,1.09197,12772.3496
03.01.2024 12:00:00.000,1.09198,1.09323,1.09148,1.09170,14203.8096
03.01.2024 13:00:00.000,1.09169,1.09303,1.09104,1.09218,31424.4102
03.01.2024 14:00:00.000,1.09218,1.09267,1.09100,1.09188,26125.7793
03.01.2024 15:00:00.000,1.09186,1.09388,1.08982,1.09047,50375.0391
03.01.2024 16:00:00.000,1.09048,1.09184,1.09029,1.09084,22255.3594
03.01.2024 17:00:00.000,1.09083,1.09103,1.09035,1.09068,12920.4004
03.01.2024 18:00:00.000,1.09067,1.09150,1.09029,1.09066,17814.0098
03.01.2024 19:00:00.000,1.09066,1.09260,1.08932,1.09177,38745.4609
03.01.2024 20:00:00.000,1.09179,1.09235,1.09151,1.09215,19347.5605
03.01.2024 21:00:00.000,1.09213,1.09238,1.09190,1.09218,3081.6299
03.01.2024 22:00:00.000,1.09219,1.09239,1.09188,1.09225,2841.02
03.01.2024 23:00:00.000,1.09225,1.09279,1.09224,1.09263,3860.9399
04.01.2024 00:00:00.000,1.09263,1.09269,1.09196,1.09227,7314.8101
04.01.2024 01:00:00.000,1.09226,1.09243,1.09165,1.09180,4684.3599
04.01.2024 02:00:00.000,1.09180,1.09203,1.09162,1.09196,5001.0098
04.01.2024 03:00:00.000,1.09197,1.09310,1.09197,1.09264,6572.3599
04.01.2024 04:00:00.000,1.09265,1.09288,1.09249,1.09262,5493.71
04.01.2024 05:00:00.000,1.09262,1.09271,1.09222,1.09268,5036.52
04.01.2024 06:00:00.000,1.09267,1.09349,1.09212,1.09326,12700.3096
04.01.2024 07:00:00.000,1.09326,1.09440,1.09297,1.09379,21718.5098
04.01.2024 08:00:00.000,1.09378,1.09561,1.09347,1.09536,24021.0898
04.01.2024 09:00:00.000,1.09535,1.09693,1.09455,1.09678,21658.4297
04.01.2024 10:00:00.000,1.09679,1.09723,1.09546,1.09557,13515.2002
04.01.2024 11:00:00.000,1.09558,1.09580,1.09464,1.09481,10261.54
04.01.2024 12:00:00.000,1.09478,1.09560,1.09470,1.09526,12087.2197
04.01.2024 13:00:00.000,1.09526,1.09555,1.09330,1.09473,28610.3594
04.01.2024 14:00:00.000,1.09473,1.09507,1.09384,1.09455,25273.6992
04.01.2024 15:00:00.000,1.09455,1.09655,1.09455,1.09553,26800.0703
04.01.2024 16:00:00.000,1.09554,1.09640,1.09545,1.09561,17417.4492
04.01.2024 17:00:00.000,1.09562,1.09599,1.09422,1.09506,10155.2598
04.01.2024 18:00:00.000,1.09505,1.09545,1.09461,1.09471,6212.1499
04.01.2024 19:00:00.000,1.09473,1.09499,1.09436,1.09471,4548.77
04.01.2024 20:00:00.000,1.09471,1.09494,1.09433,1.09493,12352.54
04.01.2024 21:00:00.000,1.09493,1.09502,1.09441,1.09447,6041.0098
04.01.2024 22:00:00.000,1.09461,1.09529,1.09458,1.09484,1986.42
04.01.2024 23:00:00.000,1.09477,1.09491,1.09435,1.09465,2254.99
05.01.2024 00:00:00.000,1.09463,1.09516,1.09446,1.09510,4370.75
05.01.2024 01:00:00.000,1.09509,1.09561,1.09504,1.09518,10636.7998
05.01.2024 02:00:00.000,1.09519,1.09545,1.09468,1.09471,6148.0298
05.01.2024 03:00:00.000,1.09471,1.09475,1.09393,1.09393,4570.1602
05.01.2024 04:00:00.000,1.09394,1.09415,1.09367,1.09374,3377.76
05.01.2024 05:00:00.000,1.09375,1.09382,1.09344,1.09377,5366.8799
05.01.2024 06:00:00.000,1.09376,1.09376,1.09250,1.09280,6269.7998
05.01.2024 07:00:00.000,1.09280,1.09337,1.09228,1.09235,10949.2197
05.01.2024 08:00:00.000,1.09233,1.09260,1.09036,1.09079,13610.3604
05.01.2024 09:00:00.000,1.09078,1.09307,1.09029,1.09131,18839.0195
05.01.2024 10:00:00.000,1.09132,1.09140,1.09039,1.09130,11150.6797
05.01.2024 11:00:00.000,1.09128,1.09177,1.09101,1.09143,8446.3496
05.01.2024 12:00:00.000,1.09145,1.09210,1.09140,1.09178,9580.5703
05.01.2024 13:00:00.000,1.09178,1.09280,1.08771,1.09213,50756.0117
05.01.2024 14:00:00.000,1.09215,1.09551,1.09215,1.09499,46906.9688
05.01.2024 15:00:00.000,1.09499,1.09987,1.09499,1.09784,50327.2617
05.01.2024 16:00:00.000,1.09784,1.09808,1.09533,1.09562,30720.6406
05.01.2024 17:00:00.000,1.09562,1.09564,1.09433,1.09465,28206.0996
05.01.2024 18:00:00.000,1.09464,1.09564,1.09354,1.09542,14102.7695
05.01.2024 19:00:00.000,1.09543,1.09600,1.09433,1.09455,14320.9805
05.01.2024 20:00:00.000,1.09454,1.09473,1.09359,1.09395,7862.8599
05.01.2024 21:00:00.000,1.09395,1.09461,1.09372,1.09452,6500.71
05.01.2024 22:00:00.000,1.09452,1.09452,1.09452,1.09452,0
05.01.2024 23:00:00.000,1.09452,1.09452,1.09452,1.09452,0
06.01.2024 00:00:00.000,1.09452,1.09452,1.09452,1.09452,0
06.01.2024 01:00:00.000,1.09452,1.09452,1.09452,1.09452,0
06.01.2024 02:00:00.000,1.09452,1.09452,1.09452,1.09452,0
06.01.2024 03:00:00.000,1.09452,1.09452,1.09452,1.09452,0
06.01.2024 04:00:00.000,1.09452,1.09452,1.09452,1.09452,0
06.01.2024 05:00:00.000,1.09452,1.09452,1.09452,1.09452,0
06.01.2024 06:00:00.000,1.09452,1.09452,1.09452,1.09452,0
06.01.2024 07:00:00.000,1.09452,1.09452,1.09452,1.09452,0
06.01.2024 08:00:00.000,1.09452,1.09452,1.09452,1.09452,0
06.01.2024 09:00:00.000,1.09452,1.09452,1.09452,1.09452,0
06.01.2024 10:00:00.000,1.09452,1.09452,1.09452,1.09452,0
06.01.2024 11:00:00.000,1.09452,1.09452,1.09452,1.09452,0
06.01.2024 12:00:00.000,1.09452,1.09452,1.09452,1.09452,0
06.01.2024 13:00:00.000,1.09452,1.09452,1.09452,1.09452,0
06.01.2024 14:00:00.000,1.09452,1.09452,1.09452,1.09452,0
06.01.2024 15:00:00.000,1.09452,1.09452,1.09452,1.09452,0
06.01.2024 16:00:00.000,1.09452,1.09452,1.09452,1.09452,0
06.01.2024 17:00:00.000,1.09452,1.09452,1.09452,1.09452,0
06.01.2024 18:00:00.000,1.09452,1.09452,1.09452,1.09452,0
06.01.2024 19:00:00.000,1.09452,1.09452,1.09452,1.09452,0
06.01.2024 20:00:00.000,1.09452,1.09452,1.09452,1.09452,0
06.01.2024 21:00:00.000,1.09452,1.09452,1.09452,1.09452,0
06.01.2024 22:00:00.000,1.09452,1.09452,1.09452,1.09452,0
06.01.2024 23:00:00.000,1.09452,1.09452,1.09452,1.09452,0
07.01.2024 00:00:00.000,1.09452,1.09452,1.09452,1.09452,0
07.01.2024 01:00:00.000,1.09452,1.09452,1.09452,1.09452,0
07.01.2024 02:00:00.000,1.09452,1.09452,1.09452,1.09452,0
07.01.2024 03:00:00.000,1.09452,1.09452,1.09452,1.09452,0
07.01.2024 04:00:00.000,1.09452,1.09452,1.09452,1.09452,0
07.01.2024 05:00:00.000,1.09452,1.09452,1.09452,1.09452,0
07.01.2024 06:00:00.000,1.09452,1.09452,1.09452,1.09452,0
07.01.2024 07:00:00.000,1.09452,1.09452,1.09452,1.09452,0
07.01.2024 08:00:00.000,1.09452,1.09452,1.09452,1.09452,0
07.01.2024 09:00:00.000,1.09452,1.09452,1.09452,1.09452,0
07.01.2024 10:00:00.000,1.09452,1.09452,1.09452,1.09452,0
07.01.2024 11:00:00.000,1.09452,1.09452,1.09452,1.09452,0
07.01.2024 12:00:00.000,1.09452,1.09452,1.09452,1.09452,0
07.01.2024 13:00:00.000,1.09452,1.09452,1.09452,1.09452,0
07.01.2024 14:00:00.000,1.09452,1.09452,1.09452,1.09452,0
07.01.2024 15:00:00.000,1.09452,1.09452,1.09452,1.09452,0
07.01.2024 16:00:00.000,1.09452,1.09452,1.09452,1.09452,0
07.01.2024 17:00:00.000,1.09452,1.09452,1.09452,1.09452,0
07.01.2024 18:00:00.000,1.09452,1.09452,1.09452,1.09452,0
07.01.2024 19:00:00.000,1.09452,1.09452,1.09452,1.09452,0
07.01.2024 20:00:00.000,1.09452,1.09452,1.09452,1.09452,0
07.01.2024 21:00:00.000,1.09452,1.09452,1.09452,1.09452,0
07.01.2024 22:00:00.000,1.09538,1.09538,1.09439,1.09445,872.32
07.01.2024 23:00:00.000,1.09446,1.09467,1.09350,1.09417,3320.29
08.01.2024 00:00:00.000,1.09414,1.09495,1.09405,1.09487,4684.25
08.01.2024 01:00:00.000,1.09486,1.09533,1.09472,1.09482,5736.2598
08.01.2024 02:00:00.000,1.09480,1.09480,1.09362,1.09375,5135.9502
08.01.2024 03:00:00.000,1.09374,1.09394,1.09317,1.09332,4018.98
08.01.2024 04:00:00.000,1.09330,1.09374,1.09309,1.09343,3099.0601
08.01.2024 05:00:00.000,1.09345,1.09377,1.09323,1.09377,3612.99
08.01.2024 06:00:00.000,1.09376,1.09470,1.09366,1.09464,7125.71
08.01.2024 07:00:00.000,1.09464,1.09525,1.09397,1.09455,13939.1201
08.01.2024 08:00:00.000,1.09455,1.09456,1.09294,1.09340,21268.6895
08.01.2024 09:00:00.000,1.09339,1.09426,1.09228,1.09373,16582.5703
08.01.2024 10:00:00.000,1.09372,1.09437,1.09345,1.09427,12500.3496
08.01.2024 11:00:00.000,1.09426,1.09509,1.09370,1.09382,11933.1904
08.01.2024 12:00:00.000,1.09381,1.09484,1.09374,1.09447,15647.1797
08.01.2024 13:00:00.000,1.09447,1.09565,1.09428,1.09510,25809.1309
08.01.2024 14:00:00.000,1.09508,1.09629,1.09496,1.09605,31652.5996
08.01.2024 15:00:00.000,1.09604,1.09748,1.09554,1.09698,23034.9492
08.01.2024 16:00:00.000,1.09698,1.09790,1.09685,1.09756,16601.0508
08.01.2024 17:00:00.000,1.09756,1.09790,1.09627,1.09649,7956.2402
08.01.2024 18:00:00.000,1.09648,1.09658,1.09491,1.09556,8250.71
08.01.2024 19:00:00.000,1.09555,1.09630,1.09531,1.09612,9629
08.01.2024 20:00:00.000,1.09612,1.09612,1.09497,1.09549,12190.4102
08.01.2024 21:00:00.000,1.09549,1.09565,1.09499,1.09508,4486
08.01.2024 22:00:00.000,1.09513,1.09560,1.09505,1.09519,1917.4
08.01.2024 23:00:00.000,1.09518,1.09533,1.09498,1.09500,2038.13
09.01.2024 00:00:00.000,1.09499,1.09595,1.09496,1.09554,8170.5601
09.01.2024 01:00:00.000,1.09552,1.09621,1.09517,1.09617,9662.4102
09.01.2024 02:00:00.000,1.09617,1.09650,1.09609,1.09630,5981.8799
09.01.2024 03:00:00.000,1.09631,1.09665,1.09610,1.09629,5900.1001
09.01.2024 04:00:00.000,1.09629,1.09632,1.09538,1.09563,4114.3701
09.01.2024 05:00:00.000,1.09563,1.09564,1.09483,1.09499,3660.3401
09.01.2024 06:00:00.000,1.09498,1.09552,1.09482,1.09505,7139.6299
09.01.2024 07:00:00.000,1.09504,1.09632,1.09464,1.09569,15853.0898
09.01.2024 08:00:00.000,1.09567,1.09570,1.09391,1.09500,21362.8691
09.01.2024 09:00:00.000,1.09501,1.09508,1.09381,1.09444,14776.29
09.01.2024 10:00:00.000,1.09443,1.09483,1.09327,1.09357,16374.8896
09.01.2024 11:00:00.000,1.09357,1.09362,1.09289,1.09316,10799.3203
09.01.2024 12:00:00.000,1.09315,1.09417,1.09290,1.09407,13522.5801
09.01.2024 13:00:00.000,1.09408,1.09471,1.09333,1.09462,20496.9297
09.01.2024 14:00:00.000,1.09462,1.09514,1.09382,1.09456,27597.3203
09.01.2024 15:00:00.000,1.09458,1.09469,1.09177,1.09180,26393.6895
09.01.2024 16:00:00.000,1.09180,1.09353,1.09105,1.09345,22563.9902
09.01.2024 17:00:00.000,1.09347,1.09394,1.09302,1.09342,12161.9697
09.01.2024 18:00:00.000,1.09342,1.09403,1.09225,1.09243,13986.2305
09.01.2024 19:00:00.000,1.09242,1.09289,1.09202,1.09254,9756.5703
09.01.2024 20:00:00.000,1.09255,1.09300,1.09252,1.09281,16242.3398
09.01.2024 21:00:00.000,1.09282,1.09322,1.09278,1.09322,4371.6748
09.01.2024 22:00:00.000,1.09323,1.09326,1.09286,1.09302,6309.2202
09.01.2024 23:00:00.000,1.09300,1.09331,1.09292,1.09321,1279.41
10.01.2024 00:00:00.000,1.09317,1.09367,1.09294,1.09309,7320.5498
10.01.2024 01:00:00.000,1.09309,1.09336,1.09263,1.09325,5580.75
10.01.2024 02:00:00.000,1.09325,1.09360,1.09319,1.09340,4527.0898
10.01.2024 03:00:00.000,1.09341,1.09362,1.09281,1.09295,4071.0901
10.01.2024 04:00:00.000,1.09294,1.09331,1.09291,1.09322,2392.8899
10.01.2024 05:00:00.000,1.09323,1.09342,1.09307,1.09327,3413.5601
10.01.2024 06:00:00.000,1.09326,1.09337,1.09238,1.09248,5732.9302
10.01.2024 07:00:00.000,1.09249,1.09455,1.09248,1.09264,16507.3301
10.01.2024 08:00:00.000,1.09265,1.09451,1.09230,1.09437,20267.5703
10.01.2024 09:00:00.000,1.09436,1.09520,1.09417,1.09474,10327.0996
10.01.2024 10:00:00.000,1.09473,1.09550,1.09454,1.09494,10180.7402
10.01.2024 11:00:00.000,1.09497,1.09556,1.09419,1.09461,7436.1899
10.01.2024 12:00:00.000,1.09462,1.09506,1.09433,1.09441,9208.96
10.01.2024 13:00:00.000,1.09440,1.09521,1.09407,1.09407,11044.6699
10.01.2024 14:00:00.000,1.09406,1.09417,1.09323,1.09402,16830.9102
10.01.2024 15:00:00.000,1.09401,1.09692,1.09358,1.09675,18152.6699
10.01.2024 16:00:00.000,1.09676,1.09691,1.09526,1.09591,11418.6396
10.01.2024 17:00:00.000,1.09592,1.09682,1.09584,1.09674,13949.1602
10.01.2024 18:00:00.000,1.09673,1.09700,1.09596,1.09696,9656.1104
10.01.2024 19:00:00.000,1.09697,1.09711,1.09671,1.09705,6490.98
10.01.2024 20:00:00.000,1.09706,1.09730,1.09617,1.09657,11259.0303
10.01.2024 21:00:00.000,1.09655,1.09734,1.09650,1.09733,5199.6802
10.01.2024 22:00:00.000,1.09736,1.09749,1.09708,1.09739,6174.9902
10.01.2024 23:00:00.000,1.09739,1.09751,1.09714,1.09743,2284.6101
11.01.2024 00:00:00.000,1.09745,1.09790,1.09733,1.09781,11027.5195
11.01.2024 01:00:00.000,1.09781,1.09803,1.09753,1.09790,13438.9404
11.01.2024 02:00:00.000,1.09791,1.09851,1.09773,1.09784,7235.4399
11.01.2024 03:00:00.000,1.09784,1.09815,1.09775,1.09805,3002.24
11.01.2024 04:00:00.000,1.09805,1.09831,1.09778,1.09780,3209.0901
11.01.2024 05:00:00.000,1.09778,1.09816,1.09759,1.09786,4921.8301
11.01.2024 06:00:00.000,1.09786,1.09888,1.09748,1.09860,5325.73
11.01.2024 07:00:00.000,1.09860,1.09870,1.09775,1.09790,5968.1499
11.01.2024 08:00:00.000,1.09791,1.09816,1.09719,1.09754,13914.5801
11.01.2024 09:00:00.000,1.09753,1.09754,1.09590,1.09640,11502.2998
11.01.2024 10:00:00.000,1.09641,1.09700,1.09588,1.09692,12809.4102
11.01.2024 11:00:00.000,1.09691,1.09826,1.09677,1.09788,14154.9697
11.01.2024 12:00:00.000,1.09788,1.09907,1.09764,1.09839,8142.6699
11.01.2024 13:00:00.000,1.09841,1.10002,1.09358,1.09396,48268.8281
11.01.2024 14:00:00.000,1.09398,1.09740,1.09317,1.09543,48043.4102
11.01.2024 15:00:00.000,1.09544,1.09631,1.09305,1.09465,37085.4805
11.01.2024 16:00:00.000,1.09467,1.09575,1.09368,1.09426,30862.2207
11.01.2024 17:00:00.000,1.09426,1.09546,1.09416,1.09510,24755.4707
11.01.2024 18:00:00.000,1.09510,1.09662,1.09500,1.09650,13964.6201
11.01.2024 19:00:00.000,1.09650,1.09832,1.09650,1.09822,13474.3203
11.01.2024 20:00:00.000,1.09822,1.09827,1.09564,1.09716,14064.8604
11.01.2024 21:00:00.000,1.09717,1.09755,1.09705,1.09726,7130.7202
11.01.2024 22:00:00.000,1.09728,1.09757,1.09728,1.09733,2370.8999
11.01.2024 23:00:00.000,1.09734,1.09829,1.09710,1.09827,3460.25
12.01.2024 00:00:00.000,1.09826,1.09849,1.09744,1.09759,4219.6802
12.01.2024 01:00:00.000,1.09757,1.09845,1.09728,1.09830,6285.73
12.01.2024 02:00:00.000,1.09829,1.09856,1.09784,1.09798,5276.7402
12.01.2024 03:00:00.000,1.09799,1.09830,1.09774,1.09779,2292.0701
12.01.2024 04:00:00.000,1.09776,1.09776,1.09734,1.09759,4867.1802
12.01.2024 05:00:00.000,1.09760,1.09806,1.09740,1.09758,5258.3701
12.01.2024 06:00:00.000,1.09759,1.09788,1.09734,1.09754,3555.01
12.01.2024 07:00:00.000,1.09756,1.09780,1.09611,1.09671,12612.2197
12.01.2024 08:00:00.000,1.09670,1.09830,1.09653,1.09752,13314.8701
12.01.2024 09:00:00.000,1.09752,1.09799,1.09612,1.09628,7910.8901
12.01.2024 10:00:00.000,1.09628,1.09643,1.09569,1.09601,12124.2002
12.01.2024 11:00:00.000,1.09602,1.09622,1.09468,1.09498,14264.5801
12.01.2024 12:00:00.000,1.09497,1.09520,1.09373,1.09379,11318.3398
12.01.2024 13:00:00.000,1.09380,1.09698,1.09361,1.09555,33579.8906
12.01.2024 14:00:00.000,1.09554,1.09850,1.09529,1.09758,31948.2305
12.01.2024 15:00:00.000,1.09758,1.09872,1.09626,1.09665,25647.4805
12.01.2024 16:00:00.000,1.09666,1.09740,1.09586,1.09586,23794.4004
12.01.2024 17:00:00.000,1.09584,1.09589,1.09472,1.09497,13620.9805
12.01.2024 18:00:00.000,1.09498,1.09598,1.09493,1.09597,11473.6299
12.01.2024 19:00:00.000,1.09594,1.09636,1.09538,1.09561,9773.71
12.01.2024 20:00:00.000,1.09562,1.09567,1.09505,1.09515,15220.8096
12.01.2024 21:00:00.000,1.09515,1.09532,1.09486,1.09532,7436.0298
12.01.2024 22:00:00.000,1.09532,1.09532,1.09532,1.09532,0
12.01.2024 23:00:00.000,1.09532,1.09532,1.09532,1.09532,0
13.01.2024 00:00:00.000,1.09532,1.09532,1.09532,1.09532,0
13.01.2024 01:00:00.000,1.09532,1.09532,1.09532,1.09532,0
13.01.2024 02:00:00.000,1.09532,1.09532,1.09532,1.09532,0
13.01.2024 03:00:00.000,1.09532,1.09532,1.09532,1.09532,0
13.01.2024 04:00:00.000,1.09532,1.09532,1.09532,1.09532,0
13.01.2024 05:00:00.000,1.09532,1.09532,1.09532,1.09532,0
13.01.2024 06:00:00.000,1.09532,1.09532,1.09532,1.09532,0
13.01.2024 07:00:00.000,1.09532,1.09532,1.09532,1.09532,0
13.01.2024 08:00:00.000,1.09532,1.09532,1.09532,1.09532,0
13.01.2024 09:00:00.000,1.09532,1.09532,1.09532,1.09532,0
13.01.2024 10:00:00.000,1.09532,1.09532,1.09532,1.09532,0
13.01.2024 11:00:00.000,1.09532,1.09532,1.09532,1.09532,0
13.01.2024 12:00:00.000,1.09532,1.09532,1.09532,1.09532,0
13.01.2024 13:00:00.000,1.09532,1.09532,1.09532,1.09532,0
13.01.2024 14:00:00.000,1.09532,1.09532,1.09532,1.09532,0
13.01.2024 15:00:00.000,1.09532,1.09532,1.09532,1.09532,0
13.01.2024 16:00:00.000,1.09532,1.09532,1.09532,1.09532,0
13.01.2024 17:00:00.000,1.09532,1.09532,1.09532,1.09532,0
13.01.2024 18:00:00.000,1.09532,1.09532,1.09532,1.09532,0
13.01.2024 19:00:00.000,1.09532,1.09532,1.09532,1.09532,0
13.01.2024 20:00:00.000,1.09532,1.09532,1.09532,1.09532,0
13.01.2024 21:00:00.000,1.09532,1.09532,1.09532,1.09532,0
13.01.2024 22:00:00.000,1.09532,1.09532,1.09532,1.09532,0
13.01.2024 23:00:00.000,1.09532,1.09532,1.09532,1.09532,0
14.01.2024 00:00:00.000,1.09532,1.09532,1.09532,1.09532,0
14.01.2024 01:00:00.000,1.09532,1.09532,1.09532,1.09532,0
14.01.2024 02:00:00.000,1.09532,1.09532,1.09532,1.09532,0
14.01.2024 03:00:00.000,1.09532,1.09532,1.09532,1.09532,0
14.01.2024 04:00:00.000,1.09532,1.09532,1.09532,1.09532,0
14.01.2024 05:00:00.000,1.09532,1.09532,1.09532,1.09532,0
14.01.2024 06:00:00.000,1.09532,1.09532,1.09532,1.09532,0
14.01.2024 07:00:00.000,1.09532,1.09532,1.09532,1.09532,0
14.01.2024 08:00:00.000,1.09532,1.09532,1.09532,1.09532,0
14.01.2024 09:00:00.000,1.09532,1.09532,1.09532,1.09532,0
14.01.2024 10:00:00.000,1.09532,1.09532,1.09532,1.09532,0
14.01.2024 11:00:00.000,1.09532,1.09532,1.09532,1.09532,0
14.01.2024 12:00:00.000,1.09532,1.09532,1.09532,1.09532,0
14.01.2024 13:00:00.000,1.09532,1.09532,1.09532,1.09532,0
14.01.2024 14:00:00.000,1.09532,1.09532,1.09532,1.09532,0
14.01.2024 15:00:00.000,1.09532,1.09532,1.09532,1.09532,0
14.01.2024 16:00:00.000,1.09532,1.09532,1.09532,1.09532,0
14.01.2024 17:00:00.000,1.09532,1.09532,1.09532,1.09532,0
14.01.2024 18:00:00.000,1.09532,1.09532,1.09532,1.09532,0
14.01.2024 19:00:00.000,1.09532,1.09532,1.09532,1.09532,0
14.01.2024 20:00:00.000,1.09532,1.09532,1.09532,1.09532,0
14.01.2024 21:00:00.000,1.09532,1.09532,1.09532,1.09532,0
14.01.2024 22:00:00.000,1.09550,1.09550,1.09465,1.09510,1335.3199
14.01.2024 23:00:00.000,1.09506,1.09509,1.09443,1.09454,1719.52
15.01.2024 00:00:00.000,1.09453,1.09543,1.09410,1.09536,10361.4199
15.01.2024 01:00:00.000,1.09536,1.09563,1.09497,1.09550,5833.1299
15.01.2024 02:00:00.000,1.09551,1.09657,1.09551,1.09651,4237.1099
15.01.2024 03:00:00.000,1.09652,1.09677,1.09639,1.09644,3481.2
15.01.2024 04:00:00.000,1.09644,1.09646,1.09589,1.09631,2378.51
15.01.2024 05:00:00.000,1.09631,1.09662,1.09611,1.09643,2914.3301
15.01.2024 06:00:00.000,1.09644,1.09668,1.09627,1.09641,4023.72
15.01.2024 07:00:00.000,1.09639,1.09665,1.09517,1.09537,7057.6099
15.01.2024 08:00:00.000,1.09537,1.09654,1.09537,1.09583,13763.8496
15.01.2024 09:00:00.000,1.09583,1.09589,1.09431,1.09469,9853.0098
15.01.2024 10:00:00.000,1.09469,1.09470,1.09336,1.09402,12683.4199
15.01.2024 11:00:00.000,1.09401,1.09490,1.09401,1.09456,8143.3799
15.01.2024 12:00:00.000,1.09455,1.09590,1.09439,1.09540,10918
15.01.2024 13:00:00.000,1.09539,1.09543,1.09446,1.09508,11833.9902
15.01.2024 14:00:00.000,1.09509,1.09521,1.09388,1.09435,11401.54
15.01.2024 15:00:00.000,1.09436,1.09511,1.09384,1.09499,8075.6699
15.01.2024 16:00:00.000,1.09499,1.09527,1.09468,1.09474,5171.27
15.01.2024 17:00:00.000,1.09475,1.09526,1.09465,1.09483,2759.6499
15.01.2024 18:00:00.000,1.09483,1.09530,1.09478,1.09529,1503.42
15.01.2024 19:00:00.000,1.09529,1.09537,1.09501,1.09507,953.65
15.01.2024 20:00:00.000,1.09509,1.09520,1.09493,1.09520,939.77
15.01.2024 21:00:00.000,1.09519,1.09523,1.09501,1.09523,489.07
15.01.2024 22:00:00.000,1.09526,1.09529,1.09490,1.09511,6645.4502
15.01.2024 23:00:00.000,1.09502,1.09516,1.09450,1.09453,1858.67
16.01.2024 00:00:00.000,1.09450,1.09464,1.09193,1.09199,8228.5498
16.01.2024 01:00:00.000,1.09199,1.09318,1.09155,1.09278,18239.9492
16.01.2024 02:00:00.000,1.09278,1.09278,1.09218,1.09242,6379.8301
16.01.2024 03:00:00.000,1.09241,1.09257,1.09164,1.09192,6298.0498
16.01.2024 04:00:00.000,1.09191,1.09202,1.09136,1.09177,4730.8398
16.01.2024 05:00:00.000,1.09178,1.09188,1.09128,1.09156,3843.98
16.01.2024 06:00:00.000,1.09154,1.09219,1.09130,1.09177,12260.9502
16.01.2024 07:00:00.000,1.09178,1.09269,1.09089,1.09187,17266.2695
16.01.2024 08:00:00.000,1.09186,1.09238,1.08946,1.09050,28456.5293
16.01.2024 09:00:00.000,1.09047,1.09047,1.08841,1.08864,22786.2598
16.01.2024 10:00:00.000,1.08866,1.08897,1.08795,1.08815,13222.2002
16.01.2024 11:00:00.000,1.08813,1.08948,1.08741,1.08925,13825.71
16.01.2024 12:00:00.000,1.08925,1.08934,1.08839,1.08864,10073.1602
16.01.2024 13:00:00.000,1.08865,1.08981,1.08719,1.08743,36541.3281
16.01.2024 14:00:00.000,1.08742,1.08896,1.08667,1.08727,28624.2695
16.01.2024 15:00:00.000,1.08727,1.08885,1.08659,1.08860,24658.8691
16.01.2024 16:00:00.000,1.08860,1.08948,1.08624,1.08811,47826.9609
16.01.2024 17:00:00.000,1.08812,1.08830,1.08631,1.08632,18341.4004
16.01.2024 18:00:00.000,1.08631,1.08772,1.08631,1.08702,13855.0703
16.01.2024 19:00:00.000,1.08702,1.08749,1.08680,1.08739,7643.7402
16.01.2024 20:00:00.000,1.08740,1.08758,1.08703,1.08717,7220.4399
16.01.2024 21:00:00.000,1.08717,1.08778,1.08716,1.08759,3019.3999
16.01.2024 22:00:00.000,1.08760,1.08795,1.08732,1.08789,2868.1799
16.01.2024 23:00:00.000,1.08787,1.08789,1.08761,1.08787,1457.13
17.01.2024 00:00:00.000,1.08788,1.08791,1.08725,1.08780,3794.8999
17.01.2024 01:00:00.000,1.08780,1.08825,1.08736,1.08777,6295.73
17.01.2024 02:00:00.000,1.08777,1.08847,1.08742,1.08750,4810.4102
17.01.2024 03:00:00.000,1.08751,1.08751,1.08652,1.08666,4763.3999
17.01.2024 04:00:00.000,1.08666,1.08713,1.08650,1.08712,2906.74
17.01.2024 05:00:00.000,1.08711,1.08723,1.08610,1.08651,5018.9199
17.01.2024 06:00:00.000,1.08652,1.08652,1.08557,1.08626,10271.5498
17.01.2024 07:00:00.000,1.08627,1.08739,1.08589,1.08705,19441.9707
17.01.2024 08:00:00.000,1.08704,1.08817,1.08664,1.08669,15390.9502
17.01.2024 09:00:00.000,1.08669,1.08789,1.08611,1.08769,14391.7002
17.01.2024 10:00:00.000,1.08766,1.08840,1.08673,1.08719,12714.5498
17.01.2024 11:00:00.000,1.08721,1.08833,1.08700,1.08787,13911.6104
17.01.2024 12:00:00.000,1.08786,1.08814,1.08697,1.08746,12662.3096
17.01.2024 13:00:00.000,1.08746,1.08788,1.08515,1.08642,36671.6289
17.01.2024 14:00:00.000,1.08642,1.08704,1.08480,1.08491,28003.5
17.01.2024 15:00:00.000,1.08489,1.08710,1.08448,1.08491,27991.6992
17.01.2024 16:00:00.000,1.08491,1.08649,1.08479,1.08575,19264.4707
17.01.2024 17:00:00.000,1.08575,1.08701,1.08569,1.08671,10997.0498
17.01.2024 18:00:00.000,1.08672,1.08675,1.08567,1.08660,13097.0596
17.01.2024 19:00:00.000,1.08661,1.08790,1.08661,1.08740,11381.3896
17.01.2024 20:00:00.000,1.08740,1.08823,1.08705,1.08812,5372.4502
17.01.2024 21:00:00.000,1.08812,1.08833,1.08810,1.08833,2078.1499
17.01.2024 22:00:00.000,1.08833,1.08841,1.08806,1.08830,3784.8201
17.01.2024 23:00:00.000,1.08830,1.08863,1.08822,1.08863,1714.7
18.01.2024 00:00:00.000,1.08864,1.08944,1.08805,1.08941,5976.29
18.01.2024 01:00:00.000,1.08941,1.09009,1.08926,1.08963,9789.0898
18.01.2024 02:00:00.000,1.08964,1.09032,1.08933,1.08936,4794.1401
18.01.2024 03:00:00.000,1.08936,1.08984,1.08908,1.08955,6594.2002
18.01.2024 04:00:00.000,1.08955,1.08964,1.08915,1.08943,4054.8999
18.01.2024 05:00:00.000,1.08943,1.08964,1.08907,1.08951,5285.6602
18.01.2024 06:00:00.000,1.08952,1.09070,1.08950,1.09042,7844.0898
18.01.2024 07:00:00.000,1.09042,1.09065,1.08865,1.08884,8541.21
18.01.2024 08:00:00.000,1.08879,1.08892,1.08776,1.08801,15498.2305
18.01.2024 09:00:00.000,1.08800,1.08997,1.08768,1.08848,16840.7109
18.01.2024 10:00:00.000,1.08847,1.08962,1.08831,1.08953,10619.2002
18.01.2024 11:00:00.000,1.08952,1.08956,1.08849,1.08893,9207.3604
18.01.2024 12:00:00.000,1.08893,1.08940,1.08747,1.08776,11092.5801
18.01.2024 13:00:00.000,1.08775,1.08778,1.08508,1.08527,31088.5801
18.01.2024 14:00:00.000,1.08527,1.08691,1.08496,1.08597,41034.7305
18.01.2024 15:00:00.000,1.08597,1.08683,1.08469,1.08523,38332.9297
18.01.2024 16:00:00.000,1.08522,1.08702,1.08506,1.08620,18282.2695
18.01.2024 17:00:00.000,1.08620,1.08646,1.08503,1.08598,13432.7305
18.01.2024 18:00:00.000,1.08593,1.08661,1.08545,1.08640,13891.4697
18.01.2024 19:00:00.000,1.08638,1.08693,1.08602,1.08620,11305.71
18.01.2024 20:00:00.000,1.08619,1.08695,1.08609,1.08692,14426.0996
18.01.2024 21:00:00.000,1.08693,1.08776,1.08686,1.08769,6340.5098
18.01.2024 22:00:00.000,1.08772,1.08789,1.08729,1.08759,3775.3899
18.01.2024 23:00:00.000,1.08759,1.08807,1.08750,1.08803,3050.9299
19.01.2024 00:00:00.000,1.08803,1.08820,1.08779,1.08801,5533.5601
19.01.2024 01:00:00.000,1.08801,1.08875,1.08763,1.08858,11695.1602
19.01.2024 02:00:00.000,1.08858,1.08898,1.08828,1.08883,6335.48
19.01.2024 03:00:00.000,1.08883,1.08895,1.08857,1.08892,3452.1899
19.01.2024 04:00:00.000,1.08892,1.08896,1.08857,1.08868,2195.51
19.01.2024 05:00:00.000,1.08868,1.08872,1.08797,1.08811,2792.6499
19.01.2024 06:00:00.000,1.08811,1.08826,1.08757,1.08813,4349.48
19.01.2024 07:00:00.000,1.08814,1.08865,1.08748,1.08796,10415.2002
19.01.2024 08:00:00.000,1.08796,1.08821,1.08683,1.08774,11352.5195
19.01.2024 09:00:00.000,1.08775,1.08851,1.08716,1.08831,16429.8691
19.01.2024 10:00:00.000,1.08829,1.08851,1.08732,1.08811,12270.3203
19.01.2024 11:00:00.000,1.08811,1.08933,1.08793,1.08876,7261.04
19.01.2024 12:00:00.000,1.08875,1.08881,1.08802,1.08828,9299.7402
19.01.2024 13:00:00.000,1.08827,1.08898,1.08756,1.08807,16498.5195
19.01.2024 14:00:00.000,1.08808,1.08839,1.08658,1.08810,21051.5195
19.01.2024 15:00:00.000,1.08810,1.08904,1.08700,1.08826,32442.8496
19.01.2024 16:00:00.000,1.08826,1.08880,1.08809,1.08867,17259.0195
19.01.2024 17:00:00.000,1.08869,1.08935,1.08802,1.08898,9558.4805
19.01.2024 18:00:00.000,1.08898,1.08965,1.08861,1.08922,10051.9805
19.01.2024 19:00:00.000,1.08923,1.08949,1.08882,1.08925,8186.0698
19.01.2024 20:00:00.000,1.08925,1.08961,1.08902,1.08953,8472.6602
19.01.2024 21:00:00.000,1.08951,1.08991,1.08940,1.08982,8242.3203
19.01.2024 22:00:00.000,1.08982,1.08982,1.08982,1.08982,0
19.01.2024 23:00:00.000,1.08982,1.08982,1.08982,1.08982,0
20.01.2024 00:00:00.000,1.08982,1.08982,1.08982,1.08982,0
20.01.2024 01:00:00.000,1.08982,1.08982,1.08982,1.08982,0
20.01.2024 02:00:00.000,1.08982,1.08982,1.08982,1.08982,0
20.01.2024 03:00:00.000,1.08982,1.08982,1.08982,1.08982,0
20.01.2024 04:00:00.000,1.08982,1.08982,1.08982,1.08982,0
20.01.2024 05:00:00.000,1.08982,1.08982,1.08982,1.08982,0
20.01.2024 06:00:00.000,1.08982,1.08982,1.08982,1.08982,0
20.01.2024 07:00:00.000,1.08982,1.08982,1.08982,1.08982,0
20.01.2024 08:00:00.000,1.08982,1.08982,1.08982,1.08982,0
20.01.2024 09:00:00.000,1.08982,1.08982,1.08982,1.08982,0
20.01.2024 10:00:00.000,1.08982,1.08982,1.08982,1.08982,0
20.01.2024 11:00:00.000,1.08982,1.08982,1.08982,1.08982,0
20.01.2024 12:00:00.000,1.08982,1.08982,1.08982,1.08982,0
20.01.2024 13:00:00.000,1.08982,1.08982,1.08982,1.08982,0
20.01.2024 14:00:00.000,1.08982,1.08982,1.08982,1.08982,0
20.01.2024 15:00:00.000,1.08982,1.08982,1.08982,1.08982,0
20.01.2024 16:00:00.000,1.08982,1.08982,1.08982,1.08982,0
20.01.2024 17:00:00.000,1.08982,1.08982,1.08982,1.08982,0
20.01.2024 18:00:00.000,1.08982,1.08982,1.08982,1.08982,0
20.01.2024 19:00:00.000,1.08982,1.08982,1.08982,1.08982,0
20.01.2024 20:00:00.000,1.08982,1.08982,1.08982,1.08982,0
20.01.2024 21:00:00.000,1.08982,1.08982,1.08982,1.08982,0
20.01.2024 22:00:00.000,1.08982,1.08982,1.08982,1.08982,0
20.01.2024 23:00:00.000,1.08982,1.08982,1.08982,1.08982,0
21.01.2024 00:00:00.000,1.08982,1.08982,1.08982,1.08982,0
21.01.2024 01:00:00.000,1.08982,1.08982,1.08982,1.08982,0
21.01.2024 02:00:00.000,1.08982,1.08982,1.08982,1.08982,0
21.01.2024 03:00:00.000,1.08982,1.08982,1.08982,1.08982,0
21.01.2024 04:00:00.000,1.08982,1.08982,1.08982,1.08982,0
21.01.2024 05:00:00.000,1.08982,1.08982,1.08982,1.08982,0
21.01.2024 06:00:00.000,1.08982,1.08982,1.08982,1.08982,0
21.01.2024 07:00:00.000,1.08982,1.08982,1.08982,1.08982,0
21.01.2024 08:00:00.000,1.08982,1.08982,1.08982,1.08982,0
21.01.2024 09:00:00.000,1.08982,1.08982,1.08982,1.08982,0
21.01.2024 10:00:00.000,1.08982,1.08982,1.08982,1.08982,0
21.01.2024 11:00:00.000,1.08982,1.08982,1.08982,1.08982,0
21.01.2024 12:00:00.000,1.08982,1.08982,1.08982,1.08982,0
21.01.2024 13:00:00.000,1.08982,1.08982,1.08982,1.08982,0
21.01.2024 14:00:00.000,1.08982,1.08982,1.08982,1.08982,0
21.01.2024 15:00:00.000,1.08982,1.08982,1.08982,1.08982,0
21.01.2024 16:00:00.000,1.08982,1.08982,1.08982,1.08982,0
21.01.2024 17:00:00.000,1.08982,1.08982,1.08982,1.08982,0
21.01.2024 18:00:00.000,1.08982,1.08982,1.08982,1.08982,0
21.01.2024 19:00:00.000,1.08982,1.08982,1.08982,1.08982,0
21.01.2024 20:00:00.000,1.08982,1.08982,1.08982,1.08982,0
21.01.2024 21:00:00.000,1.08982,1.08982,1.08982,1.08982,0
21.01.2024 22:00:00.000,1.08928,1.08964,1.08896,1.08938,3645.3999
21.01.2024 23:00:00.000,1.08932,1.08982,1.08908,1.08923,5125.1602
22.01.2024 00:00:00.000,1.08924,1.09017,1.08915,1.09013,6484.8398
22.01.2024 01:00:00.000,1.09013,1.09052,1.08990,1.09021,8806.1904
22.01.2024 02:00:00.000,1.09022,1.09094,1.08998,1.09074,5364.27
22.01.2024 03:00:00.000,1.09075,1.09079,1.09015,1.09022,4945.3599
22.01.2024 04:00:00.000,1.09023,1.09049,1.09010,1.09032,3849.77
22.01.2024 05:00:00.000,1.09033,1.09049,1.08987,1.09018,4341.0298
22.01.2024 06:00:00.000,1.09018,1.09097,1.09017,1.09051,6851.2402
22.01.2024 07:00:00.000,1.09050,1.09083,1.08975,1.08979,8760.5098
22.01.2024 08:00:00.000,1.08977,1.09010,1.08873,1.08920,16018.9004
22.01.2024 09:00:00.000,1.08919,1.09025,1.08900,1.08972,8706.9404
22.01.2024 10:00:00.000,1.08971,1.08972,1.08861,1.08871,5932.8198
22.01.2024 11:00:00.000,1.08870,1.08906,1.08818,1.08901,8386.3799
22.01.2024 12:00:00.000,1.08901,1.08997,1.08883,1.08928,9120.7803
22.01.2024 13:00:00.000,1.08926,1.08953,1.08801,1.08919,15693.9502
22.01.2024 14:00:00.000,1.08919,1.08964,1.08855,1.08899,15271.71
22.01.2024 15:00:00.000,1.08898,1.08983,1.08826,1.08854,10830.1797
22.01.2024 16:00:00.000,1.08853,1.08945,1.08820,1.08941,10969.5498
22.01.2024 17:00:00.000,1.08940,1.09001,1.08909,1.08966,7484.8501
22.01.2024 18:00:00.000,1.08966,1.08966,1.08841,1.08902,8940.04
22.01.2024 19:00:00.000,1.08902,1.08912,1.08805,1.08849,6847.96
22.01.2024 20:00:00.000,1.08851,1.08857,1.08804,1.08842,5416.3198
22.01.2024 21:00:00.000,1.08843,1.08851,1.08818,1.08833,3333.4399
22.01.2024 22:00:00.000,1.08839,1.08858,1.08816,1.08823,5096.0498
22.01.2024 23:00:00.000,1.08825,1.08827,1.08771,1.08774,2571.6299
23.01.2024 00:00:00.000,1.08777,1.08842,1.08760,1.08833,2740.2
23.01.2024 01:00:00.000,1.08832,1.08888,1.08769,1.08886,6893.1602
23.01.2024 02:00:00.000,1.08887,1.08942,1.08852,1.08875,10150.3896
23.01.2024 03:00:00.000,1.08876,1.08952,1.08855,1.08931,5709.0098
23.01.2024 04:00:00.000,1.08931,1.08990,1.08919,1.08987,3891.29
23.01.2024 05:00:00.000,1.08987,1.09081,1.08970,1.09070,4331.23
23.01.2024 06:00:00.000,1.09071,1.09144,1.09018,1.09142,9310.21
23.01.2024 07:00:00.000,1.09142,1.09163,1.09040,1.09085,11048.0996
23.01.2024 08:00:00.000,1.09085,1.09108,1.08927,1.08954,9975.8799
23.01.2024 09:00:00.000,1.08954,1.08954,1.08839,1.08877,12461.5
23.01.2024 10:00:00.000,1.08876,1.08885,1.08675,1.08697,11714.5596
23.01.2024 11:00:00.000,1.08697,1.08723,1.08602,1.08664,20686.5195
23.01.2024 12:00:00.000,1.08666,1.08734,1.08606,1.08640,11589.3096
23.01.2024 13:00:00.000,1.08640,1.08761,1.08640,1.08742,15873.8496
23.01.2024 14:00:00.000,1.08741,1.08742,1.08487,1.08529,18062.8809
23.01.2024 15:00:00.000,1.08529,1.08585,1.08218,1.08310,26854.0898
23.01.2024 16:00:00.000,1.08311,1.08397,1.08258,1.08283,17077.7402
23.01.2024 17:00:00.000,1.08282,1.08359,1.08245,1.08316,11421.3701
23.01.2024 18:00:00.000,1.08316,1.08395,1.08306,1.08372,13526.3701
23.01.2024 19:00:00.000,1.08374,1.08479,1.08360,1.08454,8147.0098
23.01.2024 20:00:00.000,1.08454,1.08503,1.08439,1.08500,6274.4502
23.01.2024 21:00:00.000,1.08500,1.08562,1.08484,1.08555,2683.6599
23.01.2024 22:00:00.000,1.08555,1.08560,1.08517,1.08545,3786.55
23.01.2024 23:00:00.000,1.08544,1.08595,1.08542,1.08575,1721.47
24.01.2024 00:00:00.000,1.08575,1.08602,1.08554,1.08562,3545.1101
24.01.2024 01:00:00.000,1.08561,1.08597,1.08517,1.08582,8243.9502
24.01.2024 02:00:00.000,1.08582,1.08586,1.08535,1.08571,4949.8701
24.01.2024 03:00:00.000,1.08572,1.08616,1.08568,1.08592,5042.77
24.01.2024 04:00:00.000,1.08594,1.08663,1.08584,1.08646,4519.8599
24.01.2024 05:00:00.000,1.08646,1.08646,1.08595,1.08623,4217.1602
24.01.2024 06:00:00.000,1.08621,1.08668,1.08610,1.08637,4451.2998
24.01.2024 07:00:00.000,1.08634,1.08797,1.08605,1.08735,10917.4199
24.01.2024 08:00:00.000,1.08735,1.08807,1.08628,1.08702,17495.7695
24.01.2024 09:00:00.000,1.08703,1.09079,1.08700,1.09030,19245.25
24.01.2024 10:00:00.000,1.09029,1.09050,1.08934,1.08979,9617.4697
24.01.2024 11:00:00.000,1.08979,1.09018,1.08911,1.08929,14058.7197
24.01.2024 12:00:00.000,1.08929,1.08994,1.08876,1.08949,14087.5498
24.01.2024 13:00:00.000,1.08950,1.09275,1.08937,1.09252,26588.2793
24.01.2024 14:00:00.000,1.09250,1.09325,1.09019,1.09036,29838.2305
24.01.2024 15:00:00.000,1.09036,1.09079,1.08934,1.09009,45304.4883
24.01.2024 16:00:00.000,1.09010,1.09056,1.08908,1.09007,27602.4492
24.01.2024 17:00:00.000,1.09005,1.09089,1.08956,1.09055,11204.4805
24.01.2024 18:00:00.000,1.09054,1.09062,1.08905,1.08929,13749.5498
24.01.2024 19:00:00.000,1.08928,1.08935,1.08815,1.08885,15775.8203
24.01.2024 20:00:00.000,1.08885,1.08907,1.08793,1.08801,8570.4004
24.01.2024 21:00:00.000,1.08800,1.08858,1.08779,1.08855,3441.4326
24.01.2024 22:00:00.000,1.08855,1.08883,1.08846,1.08862,2457.46
24.01.2024 23:00:00.000,1.08864,1.08871,1.08812,1.08813,2362.95
25.01.2024 00:00:00.000,1.08813,1.08816,1.08724,1.08744,8066.7002
25.01.2024 01:00:00.000,1.08744,1.08789,1.08704,1.08777,8592.7305
25.01.2024 02:00:00.000,1.08780,1.08802,1.08752,1.08774,6190.3198
25.01.2024 03:00:00.000,1.08775,1.08821,1.08775,1.08780,5834.8501
25.01.2024 04:00:00.000,1.08780,1.08815,1.08746,1.08758,2806.0801
25.01.2024 05:00:00.000,1.08757,1.08790,1.08750,1.08785,4920.7002
25.01.2024 06:00:00.000,1.08786,1.08868,1.08759,1.08864,6796.3901
25.01.2024 07:00:00.000,1.08862,1.08915,1.08842,1.08880,8469.5996
25.01.2024 08:00:00.000,1.08880,1.08998,1.08831,1.08992,18004.2891
25.01.2024 09:00:00.000,1.08991,1.09000,1.08920,1.08960,12378.5996
25.01.2024 10:00:00.000,1.08960,1.08990,1.08921,1.08931,15126
25.01.2024 11:00:00.000,1.08932,1.08954,1.08869,1.08951,10135.1201
25.01.2024 12:00:00.000,1.08951,1.08959,1.08858,1.08884,13231.5996
25.01.2024 13:00:00.000,1.08884,1.09022,1.08670,1.08796,42286.8906
25.01.2024 14:00:00.000,1.08795,1.08795,1.08532,1.08605,44078.8984
25.01.2024 15:00:00.000,1.08604,1.08616,1.08294,1.08319,28664.8301
25.01.2024 16:00:00.000,1.08318,1.08398,1.08243,1.08365,19645.25
25.01.2024 17:00:00.000,1.08366,1.08523,1.08314,1.08378,14271.3799
25.01.2024 18:00:00.000,1.08379,1.08469,1.08302,1.08304,12395.9404
25.01.2024 19:00:00.000,1.08303,1.08377,1.08218,1.08361,10617.0098
25.01.2024 20:00:00.000,1.08361,1.08406,1.08336,1.08399,9876.2803
25.01.2024 21:00:00.000,1.08399,1.08485,1.08392,1.08468,3927.8899
25.01.2024 22:00:00.000,1.08468,1.08491,1.08444,1.08474,5314.02
25.01.2024 23:00:00.000,1.08471,1.08482,1.08433,1.08457,2885.3799
26.01.2024 00:00:00.000,1.08458,1.08461,1.08377,1.08401,3511.53
26.01.2024 01:00:00.000,1.08401,1.08469,1.08394,1.08446,4838.2798
26.01.2024 02:00:00.000,1.08446,1.08492,1.08441,1.08444,5054.71
26.01.2024 03:00:00.000,1.08443,1.08478,1.08441,1.08451,3959.6799
26.01.2024 04:00:00.000,1.08452,1.08452,1.08382,1.08398,2136.0701
26.01.2024 05:00:00.000,1.08397,1.08441,1.08387,1.08428,4860.1602
26.01.2024 06:00:00.000,1.08428,1.08431,1.08287,1.08296,5355.3101
26.01.2024 07:00:00.000,1.08295,1.08306,1.08130,1.08198,19003.8105
26.01.2024 08:00:00.000,1.08197,1.08422,1.08176,1.08405,23662.6094
26.01.2024 09:00:00.000,1.08405,1.08508,1.08342,1.08443,21202.0801
26.01.2024 10:00:00.000,1.08444,1.08665,1.08444,1.08650,10477.4502
26.01.2024 11:00:00.000,1.08651,1.08762,1.08645,1.08747,9870.6797
26.01.2024 12:00:00.000,1.08748,1.08760,1.08658,1.08675,7194.46
26.01.2024 13:00:00.000,1.08676,1.08864,1.08565,1.08722,31115.6504
26.01.2024 14:00:00.000,1.08721,1.08804,1.08611,1.08742,35050.1016
26.01.2024 15:00:00.000,1.08740,1.08742,1.08552,1.08642,24680.1406
26.01.2024 16:00:00.000,1.08642,1.08695,1.08591,1.08651,14219.9297
26.01.2024 17:00:00.000,1.08650,1.08707,1.08593,1.08639,11252.4199
26.01.2024 18:00:00.000,1.08638,1.08661,1.08541,1.08559,6326.6602
26.01.2024 19:00:00.000,1.08558,1.08618,1.08554,1.08584,5217.1001
26.01.2024 20:00:00.000,1.08585,1.08624,1.08534,1.08547,4655.6401
26.01.2024 21:00:00.000,1.08546,1.08596,1.08525,1.08565,7342.0801
26.01.2024 22:00:00.000,1.08565,1.08565,1.08565,1.08565,0
26.01.2024 23:00:00.000,1.08565,1.08565,1.08565,1.08565,0
27.01.2024 00:00:00.000,1.08565,1.08565,1.08565,1.08565,0
27.01.2024 01:00:00.000,1.08565,1.08565,1.08565,1.08565,0
27.01.2024 02:00:00.000,1.08565,1.08565,1.08565,1.08565,0
27.01.2024 03:00:00.000,1.08565,1.08565,1.08565,1.08565,0
27.01.2024 04:00:00.000,1.08565,1.08565,1.08565,1.08565,0
27.01.2024 05:00:00.000,1.08565,1.08565,1.08565,1.08565,0
27.01.2024 06:00:00.000,1.08565,1.08565,1.08565,1.08565,0
27.01.2024 07:00:00.000,1.08565,1.08565,1.08565,1.08565,0
27.01.2024 08:00:00.000,1.08565,1.08565,1.08565,1.08565,0
27.01.2024 09:00:00.000,1.08565,1.08565,1.08565,1.08565,0
27.01.2024 10:00:00.000,1.08565,1.08565,1.08565,1.08565,0
27.01.2024 11:00:00.000,1.08565,1.08565,1.08565,1.08565,0
27.01.2024 12:00:00.000,1.08565,1.08565,1.08565,1.08565,0
27.01.2024 13:00:00.000,1.08565,1.08565,1.08565,1.08565,0
27.01.2024 14:00:00.000,1.08565,1.08565,1.08565,1.08565,0
27.01.2024 15:00:00.000,1.08565,1.08565,1.08565,1.08565,0
27.01.2024 16:00:00.000,1.08565,1.08565,1.08565,1.08565,0
27.01.2024 17:00:00.000,1.08565,1.08565,1.08565,1.08565,0
27.01.2024 18:00:00.000,1.08565,1.08565,1.08565,1.08565,0
27.01.2024 19:00:00.000,1.08565,1.08565,1.08565,1.08565,0
27.01.2024 20:00:00.000,1.08565,1.08565,1.08565,1.08565,0
27.01.2024 21:00:00.000,1.08565,1.08565,1.08565,1.08565,0
27.01.2024 22:00:00.000,1.08565,1.08565,1.08565,1.08565,0
27.01.2024 23:00:00.000,1.08565,1.08565,1.08565,1.08565,0
28.01.2024 00:00:00.000,1.08565,1.08565,1.08565,1.08565,0
28.01.2024 01:00:00.000,1.08565,1.08565,1.08565,1.08565,0
28.01.2024 02:00:00.000,1.08565,1.08565,1.08565,1.08565,0
28.01.2024 03:00:00.000,1.08565,1.08565,1.08565,1.08565,0
28.01.2024 04:00:00.000,1.08565,1.08565,1.08565,1.08565,0
28.01.2024 05:00:00.000,1.08565,1.08565,1.08565,1.08565,0
28.01.2024 06:00:00.000,1.08565,1.08565,1.08565,1.08565,0
28.01.2024 07:00:00.000,1.08565,1.08565,1.08565,1.08565,0
28.01.2024 08:00:00.000,1.08565,1.08565,1.08565,1.08565,0
28.01.2024 09:00:00.000,1.08565,1.08565,1.08565,1.08565,0
28.01.2024 10:00:00.000,1.08565,1.08565,1.08565,1.08565,0
28.01.2024 11:00:00.000,1.08565,1.08565,1.08565,1.08565,0
28.01.2024 12:00:00.000,1.08565,1.08565,1.08565,1.08565,0
28.01.2024 13:00:00.000,1.08565,1.08565,1.08565,1.08565,0
28.01.2024 14:00:00.000,1.08565,1.08565,1.08565,1.08565,0
28.01.2024 15:00:00.000,1.08565,1.08565,1.08565,1.08565,0
28.01.2024 16:00:00.000,1.08565,1.08565,1.08565,1.08565,0
28.01.2024 17:00:00.000,1.08565,1.08565,1.08565,1.08565,0
28.01.2024 18:00:00.000,1.08565,1.08565,1.08565,1.08565,0
28.01.2024 19:00:00.000,1.08565,1.08565,1.08565,1.08565,0
28.01.2024 20:00:00.000,1.08565,1.08565,1.08565,1.08565,0
28.01.2024 21:00:00.000,1.08565,1.08565,1.08565,1.08565,0
28.01.2024 22:00:00.000,1.08469,1.08504,1.08438,1.08467,5103.8701
28.01.2024 23:00:00.000,1.08468,1.08502,1.08422,1.08424,4790.7002
29.01.2024 00:00:00.000,1.08424,1.08452,1.08414,1.08449,8162.6201
29.01.2024 01:00:00.000,1.08449,1.08492,1.08435,1.08442,3564.95
29.01.2024 02:00:00.000,1.08441,1.08453,1.08396,1.08438,6184.1499
29.01.2024 03:00:00.000,1.08439,1.08469,1.08427,1.08453,4217.9702
29.01.2024 04:00:00.000,1.08453,1.08479,1.08439,1.08450,2489.04
29.01.2024 05:00:00.000,1.08448,1.08451,1.08398,1.08401,5678.8301
29.01.2024 06:00:00.000,1.08402,1.08474,1.08394,1.08468,7552.7002
29.01.2024 07:00:00.000,1.08468,1.08502,1.08351,1.08373,9893.2695
29.01.2024 08:00:00.000,1.08372,1.08421,1.08333,1.08349,14756.2695
29.01.2024 09:00:00.000,1.08347,1.08359,1.08232,1.08253,11094.6699
29.01.2024 10:00:00.000,1.08252,1.08256,1.08141,1.08193,12192.4004
29.01.2024 11:00:00.000,1.08194,1.08273,1.08166,1.08231,9085.8398
29.01.2024 12:00:00.000,1.08232,1.08370,1.08205,1.08222,10217.2598
29.01.2024 13:00:00.000,1.08222,1.08246,1.08140,1.08206,17495.5898
29.01.2024 14:00:00.000,1.08203,1.08228,1.08043,1.08072,17103.5605
29.01.2024 15:00:00.000,1.08072,1.08108,1.07963,1.07975,18840.3008
29.01.2024 16:00:00.000,1.07975,1.08090,1.07960,1.08061,13305.0098
29.01.2024 17:00:00.000,1.08061,1.08162,1.08058,1.08118,7997.3398
29.01.2024 18:00:00.000,1.08118,1.08134,1.08096,1.08117,4040.24
29.01.2024 19:00:00.000,1.08116,1.08201,1.08101,1.08191,7384.79
29.01.2024 20:00:00.000,1.08192,1.08408,1.08192,1.08315,12965.3896
29.01.2024 21:00:00.000,1.08313,1.08351,1.08270,1.08338,3659.75
29.01.2024 22:00:00.000,1.08358,1.08360,1.08307,1.08348,3328.52
29.01.2024 23:00:00.000,1.08350,1.08371,1.08336,1.08340,1731.62
30.01.2024 00:00:00.000,1.08339,1.08424,1.08339,1.08411,4801.4399
30.01.2024 01:00:00.000,1.08409,1.08409,1.08327,1.08351,6786.1099
30.01.2024 02:00:00.000,1.08350,1.08363,1.08302,1.08342,3566.7
30.01.2024 03:00:00.000,1.08342,1.08346,1.08305,1.08308,2477.3301
30.01.2024 04:00:00.000,1.08309,1.08337,1.08244,1.08255,3277.3899
30.01.2024 05:00:00.000,1.08253,1.08292,1.08220,1.08227,3750.6399
30.01.2024 06:00:00.000,1.08227,1.08261,1.08142,1.08153,5339.1602
30.01.2024 07:00:00.000,1.08150,1.08244,1.08121,1.08231,17944.1602
30.01.2024 08:00:00.000,1.08231,1.08323,1.08165,1.08223,23889.8008
30.01.2024 09:00:00.000,1.08222,1.08295,1.08179,1.08273,14951.1699
30.01.2024 10:00:00.000,1.08272,1.08407,1.08233,1.08384,13767.9502
30.01.2024 11:00:00.000,1.08386,1.08482,1.08373,1.08420,9535.9297
30.01.2024 12:00:00.000,1.08420,1.08501,1.08368,1.08479,8131.2202
30.01.2024 13:00:00.000,1.08478,1.08486,1.08343,1.08348,23551.6699
30.01.2024 14:00:00.000,1.08349,1.08574,1.08297,1.08508,21227.5801
30.01.2024 15:00:00.000,1.08508,1.08567,1.08283,1.08371,31271.7305
30.01.2024 16:00:00.000,1.08370,1.08444,1.08345,1.08433,15326.0098
30.01.2024 17:00:00.000,1.08432,1.08475,1.08370,1.08392,7237.0098
30.01.2024 18:00:00.000,1.08389,1.08389,1.08318,1.08360,5287.1802
30.01.2024 19:00:00.000,1.08358,1.08472,1.08358,1.08462,7496.2798
30.01.2024 20:00:00.000,1.08463,1.08488,1.08410,1.08448,6876.5298
30.01.2024 21:00:00.000,1.08449,1.08472,1.08429,1.08464,3841.3101
30.01.2024 22:00:00.000,1.08464,1.08469,1.08401,1.08439,2026.67
30.01.2024 23:00:00.000,1.08441,1.08451,1.08429,1.08431,1477.74
31.01.2024 00:00:00.000,1.08431,1.08483,1.08414,1.08430,5932.5601
31.01.2024 01:00:00.000,1.08428,1.08437,1.08315,1.08315,6643.6001
31.01.2024 02:00:00.000,1.08314,1.08314,1.08164,1.08183,16599.0898
31.01.2024 03:00:00.000,1.08185,1.08191,1.08161,1.08188,7046.2402
31.01.2024 04:00:00.000,1.08188,1.08225,1.08183,1.08207,7600.2998
31.01.2024 05:00:00.000,1.08204,1.08221,1.08178,1.08206,4521.96
31.01.2024 06:00:00.000,1.08207,1.08223,1.08151,1.08158,5315.1001
31.01.2024 07:00:00.000,1.08159,1.08217,1.08063,1.08163,13792.04
31.01.2024 08:00:00.000,1.08163,1.08263,1.08094,1.08194,20177.4805
31.01.2024 09:00:00.000,1.08194,1.08369,1.08165,1.08225,29448.9707
31.01.2024 10:00:00.000,1.08226,1.08317,1.08216,1.08257,15945.71
31.01.2024 11:00:00.000,1.08257,1.08405,1.08257,1.08392,10274.3896
31.01.2024 12:00:00.000,1.08394,1.08431,1.08337,1.08370,7873.4302
31.01.2024 13:00:00.000,1.08371,1.08631,1.08345,1.08577,26693.4902
31.01.2024 14:00:00.000,1.08577,1.08868,1.08525,1.08802,36794.7891
31.01.2024 15:00:00.000,1.08802,1.08877,1.08543,1.08614,42645.5
31.01.2024 16:00:00.000,1.08614,1.08680,1.08450,1.08546,31924.4199
31.01.2024 17:00:00.000,1.08546,1.08547,1.08420,1.08497,11958.6396
31.01.2024 18:00:00.000,1.08497,1.08528,1.08440,1.08465,9964.8203
31.01.2024 19:00:00.000,1.08470,1.08644,1.08163,1.08407,60166.8203
31.01.2024 20:00:00.000,1.08406,1.08421,1.07951,1.08080,51008.2383
31.01.2024 21:00:00.000,1.08078,1.08200,1.08057,1.08192,6936.4302
31.01.2024 22:00:00.000,1.08197,1.08206,1.08128,1.08147,1928.1899
31.01.2024 23:00:00.000,1.08147,1.08180,1.08034,1.08042,2614.8401
01.02.2024 00:00:00.000,1.08041,1.08147,1.08020,1.08085,15965.1104
01.02.2024 01:00:00.000,1.08086,1.08128,1.08047,1.08092,11728.0801
01.02.2024 02:00:00.000,1.08091,1.08220,1.08087,1.08194,11562.2197
01.02.2024 03:00:00.000,1.08194,1.08211,1.08111,1.08119,6332.21
01.02.2024 04:00:00.000,1.08119,1.08139,1.08054,1.08079,5717.6499
01.02.2024 05:00:00.000,1.08078,1.08078,1.08029,1.08030,5992.1001
01.02.2024 06:00:00.000,1.08029,1.08052,1.07939,1.07962,6130.25
01.02.2024 07:00:00.000,1.07959,1.07974,1.07839,1.07936,17586.5898
01.02.2024 08:00:00.000,1.07933,1.07941,1.07800,1.07920,22558.1797
01.02.2024 09:00:00.000,1.07919,1.08018,1.07868,1.07992,17502.6191
01.02.2024 10:00:00.000,1.07992,1.08029,1.07916,1.07934,9609.8301
01.02.2024 11:00:00.000,1.07935,1.08135,1.07929,1.08087,15528.2695
01.02.2024 12:00:00.000,1.08087,1.08200,1.08058,1.08154,16393.3301
01.02.2024 13:00:00.000,1.08154,1.08276,1.08091,1.08141,25194.1602
01.02.2024 14:00:00.000,1.08140,1.08300,1.08117,1.08274,23411.5098
01.02.2024 15:00:00.000,1.08275,1.08321,1.08068,1.08267,50369.3516
01.02.2024 16:00:00.000,1.08267,1.08660,1.08267,1.08646,28958.6992
01.02.2024 17:00:00.000,1.08647,1.08749,1.08610,1.08730,17678.9199
01.02.2024 18:00:00.000,1.08731,1.08734,1.08632,1.08700,11249.1104
01.02.2024 19:00:00.000,1.08700,1.08750,1.08681,1.08721,16385.3398
01.02.2024 20:00:00.000,1.08721,1.08750,1.08683,1.08719,12276.7002
01.02.2024 21:00:00.000,1.08717,1.08733,1.08683,1.08725,6242.9199
01.02.2024 22:00:00.000,1.08728,1.08743,1.08677,1.08738,5227.8398
01.02.2024 23:00:00.000,1.08734,1.08764,1.08730,1.08746,1867.89
02.02.2024 00:00:00.000,1.08744,1.08799,1.08719,1.08729,6581.3198
02.02.2024 01:00:00.000,1.08730,1.08761,1.08703,1.08718,4745.9502
02.02.2024 02:00:00.000,1.08719,1.08788,1.08715,1.08786,3751.03
02.02.2024 03:00:00.000,1.08788,1.08790,1.08735,1.08770,5190.04
02.02.2024 04:00:00.000,1.08767,1.08775,1.08722,1.08732,6754.6802
02.02.2024 05:00:00.000,1.08731,1.08827,1.08725,1.08777,7325.5298
02.02.2024 06:00:00.000,1.08776,1.08812,1.08743,1.08759,6179.8301
02.02.2024 07:00:00.000,1.08758,1.08873,1.08746,1.08812,9300.9805
02.02.2024 08:00:00.000,1.08813,1.08904,1.08738,1.08794,11245.2598
02.02.2024 09:00:00.000,1.08795,1.08978,1.08795,1.08910,8681.7002
02.02.2024 10:00:00.000,1.08908,1.08952,1.08808,1.08848,10165.0996
02.02.2024 11:00:00.000,1.08847,1.08866,1.08783,1.08839,13621.8096
02.02.2024 12:00:00.000,1.08840,1.08853,1.08778,1.08805,8845.3604
02.02.2024 13:00:00.000,1.08805,1.08862,1.08039,1.08074,42788.1406
02.02.2024 14:00:00.000,1.08074,1.08172,1.07919,1.08091,42702.3906
02.02.2024 15:00:00.000,1.08090,1.08122,1.07833,1.08025,34530.9883
02.02.2024 16:00:00.000,1.08025,1.08039,1.07825,1.07863,16364.3604
02.02.2024 17:00:00.000,1.07862,1.07928,1.07809,1.07837,12355.1602
02.02.2024 18:00:00.000,1.07838,1.07913,1.07807,1.07883,9369.5098
02.02.2024 19:00:00.000,1.07885,1.07958,1.07863,1.07927,7489.6499
02.02.2024 20:00:00.000,1.07929,1.07975,1.07922,1.07933,8101
02.02.2024 21:00:00.000,1.07934,1.07942,1.07858,1.07883,5192.8301
02.02.2024 22:00:00.000,1.07883,1.07883,1.07883,1.07883,0
02.02.2024 23:00:00.000,1.07883,1.07883,1.07883,1.07883,0
03.02.2024 00:00:00.000,1.07883,1.07883,1.07883,1.07883,0
03.02.2024 01:00:00.000,1.07883,1.07883,1.07883,1.07883,0
03.02.2024 02:00:00.000,1.07883,1.07883,1.07883,1.07883,0
03.02.2024 03:00:00.000,1.07883,1.07883,1.07883,1.07883,0
03.02.2024 04:00:00.000,1.07883,1.07883,1.07883,1.07883,0
03.02.2024 05:00:00.000,1.07883,1.07883,1.07883,1.07883,0
03.02.2024 06:00:00.000,1.07883,1.07883,1.07883,1.07883,0
03.02.2024 07:00:00.000,1.07883,1.07883,1.07883,1.07883,0
03.02.2024 08:00:00.000,1.07883,1.07883,1.07883,1.07883,0
03.02.2024 09:00:00.000,1.07883,1.07883,1.07883,1.07883,0
03.02.2024 10:00:00.000,1.07883,1.07883,1.07883,1.07883,0
03.02.2024 11:00:00.000,1.07883,1.07883,1.07883,1.07883,0
03.02.2024 12:00:00.000,1.07883,1.07883,1.07883,1.07883,0
03.02.2024 13:00:00.000,1.07883,1.07883,1.07883,1.07883,0
03.02.2024 14:00:00.000,1.07883,1.07883,1.07883,1.07883,0
03.02.2024 15:00:00.000,1.07883,1.07883,1.07883,1.07883,0
03.02.2024 16:00:00.000,1.07883,1.07883,1.07883,1.07883,0
03.02.2024 17:00:00.000,1.07883,1.07883,1.07883,1.07883,0
03.02.2024 18:00:00.000,1.07883,1.07883,1.07883,1.07883,0
03.02.2024 19:00:00.000,1.07883,1.07883,1.07883,1.07883,0
03.02.2024 20:00:00.000,1.07883,1.07883,1.07883,1.07883,0
03.02.2024 21:00:00.000,1.07883,1.07883,1.07883,1.07883,0
03.02.2024 22:00:00.000,1.07883,1.07883,1.07883,1.07883,0
03.02.2024 23:00:00.000,1.07883,1.07883,1.07883,1.07883,0
04.02.2024 00:00:00.000,1.07883,1.07883,1.07883,1.07883,0
04.02.2024 01:00:00.000,1.07883,1.07883,1.07883,1.07883,0
04.02.2024 02:00:00.000,1.07883,1.07883,1.07883,1.07883,0
04.02.2024 03:00:00.000,1.07883,1.07883,1.07883,1.07883,0
04.02.2024 04:00:00.000,1.07883,1.07883,1.07883,1.07883,0
04.02.2024 05:00:00.000,1.07883,1.07883,1.07883,1.07883,0
04.02.2024 06:00:00.000,1.07883,1.07883,1.07883,1.07883,0
04.02.2024 07:00:00.000,1.07883,1.07883,1.07883,1.07883,0
04.02.2024 08:00:00.000,1.07883,1.07883,1.07883,1.07883,0
04.02.2024 09:00:00.000,1.07883,1.07883,1.07883,1.07883,0
04.02.2024 10:00:00.000,1.07883,1.07883,1.07883,1.07883,0
04.02.2024 11:00:00.000,1.07883,1.07883,1.07883,1.07883,0
04.02.2024 12:00:00.000,1.07883,1.07883,1.07883,1.07883,0
04.02.2024 13:00:00.000,1.07883,1.07883,1.07883,1.07883,0
04.02.2024 14:00:00.000,1.07883,1.07883,1.07883,1.07883,0
04.02.2024 15:00:00.000,1.07883,1.07883,1.07883,1.07883,0
04.02.2024 16:00:00.000,1.07883,1.07883,1.07883,1.07883,0
04.02.2024 17:00:00.000,1.07883,1.07883,1.07883,1.07883,0
04.02.2024 18:00:00.000,1.07883,1.07883,1.07883,1.07883,0
04.02.2024 19:00:00.000,1.07883,1.07883,1.07883,1.07883,0
04.02.2024 20:00:00.000,1.07883,1.07883,1.07883,1.07883,0
04.02.2024 21:00:00.000,1.07883,1.07883,1.07883,1.07883,0
04.02.2024 22:00:00.000,1.07881,1.07881,1.07809,1.07813,2991.5701
04.02.2024 23:00:00.000,1.07811,1.07843,1.07701,1.07800,6197.5
05.02.2024 00:00:00.000,1.07799,1.07835,1.07674,1.07728,9687.5098
05.02.2024 01:00:00.000,1.07730,1.07790,1.07689,1.07785,9555.7002
05.02.2024 02:00:00.000,1.07784,1.07814,1.07758,1.07791,10740.54
05.02.2024 03:00:00.000,1.07791,1.07811,1.07746,1.07792,4409.46
05.02.2024 04:00:00.000,1.07792,1.07802,1.07757,1.07791,2879.71
05.02.2024 05:00:00.000,1.07790,1.07824,1.07734,1.07823,6775.79
05.02.2024 06:00:00.000,1.07821,1.07850,1.07775,1.07783,7400.5298
05.02.2024 07:00:00.000,1.07779,1.07835,1.07729,1.07805,16950.0195
05.02.2024 08:00:00.000,1.07804,1.07862,1.07636,1.07671,16628.2402
05.02.2024 09:00:00.000,1.07670,1.07729,1.07521,1.07540,10988.3301
05.02.2024 10:00:00.000,1.07540,1.07563,1.07478,1.07495,9316.8496
05.02.2024 11:00:00.000,1.07495,1.07589,1.07471,1.07551,17374.25
05.02.2024 12:00:00.000,1.07552,1.07579,1.07496,1.07500,12045.1504
05.02.2024 13:00:00.000,1.07498,1.07507,1.07363,1.07376,9653.46
05.02.2024 14:00:00.000,1.07377,1.07451,1.07354,1.07428,20296.4609
05.02.2024 15:00:00.000,1.07424,1.07428,1.07234,1.07255,38151.25
05.02.2024 16:00:00.000,1.07254,1.07361,1.07248,1.07355,14593.1201
05.02.2024 17:00:00.000,1.07355,1.07431,1.07342,1.07394,11618.6699
05.02.2024 18:00:00.000,1.07394,1.07467,1.07376,1.07441,7242.9102
05.02.2024 19:00:00.000,1.07442,1.07467,1.07423,1.07431,8345.0195
05.02.2024 20:00:00.000,1.07432,1.07443,1.07370,1.07427,7373.3999
05.02.2024 21:00:00.000,1.07428,1.07431,1.07395,1.07430,4032.6201
05.02.2024 22:00:00.000,1.07433,1.07457,1.07392,1.07448,1504.76
05.02.2024 23:00:00.000,1.07442,1.07442,1.07411,1.07412,1824.61
06.02.2024 00:00:00.000,1.07412,1.07455,1.07412,1.07440,3149.27
06.02.2024 01:00:00.000,1.07440,1.07473,1.07418,1.07455,6731.1299
06.02.2024 02:00:00.000,1.07456,1.07492,1.07440,1.07462,7612.8701
06.02.2024 03:00:00.000,1.07462,1.07492,1.07437,1.07442,8976.6602
06.02.2024 04:00:00.000,1.07441,1.07506,1.07437,1.07492,7668.0098
06.02.2024 05:00:00.000,1.07492,1.07543,1.07489,1.07537,12508.8301
06.02.2024 06:00:00.000,1.07537,1.07537,1.07484,1.07512,7851.5698
06.02.2024 07:00:00.000,1.07513,1.07626,1.07509,1.07521,18175.5605
06.02.2024 08:00:00.000,1.07522,1.07602,1.07452,1.07463,19399.1094
06.02.2024 09:00:00.000,1.07464,1.07476,1.07257,1.07294,11551.1299
06.02.2024 10:00:00.000,1.07293,1.07367,1.07279,1.07293,6957.8101
06.02.2024 11:00:00.000,1.07293,1.07432,1.07245,1.07388,12292.9404
06.02.2024 12:00:00.000,1.07387,1.07395,1.07228,1.07360,12315.5801
06.02.2024 13:00:00.000,1.07361,1.07441,1.07282,1.07308,18280.4805
06.02.2024 14:00:00.000,1.07305,1.07438,1.07292,1.07405,25597.5293
06.02.2024 15:00:00.000,1.07407,1.07485,1.07369,1.07435,20476.6602
06.02.2024 16:00:00.000,1.07434,1.07535,1.07392,1.07507,18056.1992
06.02.2024 17:00:00.000,1.07507,1.07553,1.07480,1.07511,11019.9805
06.02.2024 18:00:00.000,1.07511,1.07558,1.07437,1.07541,10618.4297
06.02.2024 19:00:00.000,1.07541,1.07548,1.07470,1.07495,7505.25
06.02.2024 20:00:00.000,1.07496,1.07576,1.07495,1.07569,7773.5601
06.02.2024 21:00:00.000,1.07566,1.07566,1.07527,1.07549,4920.8701
06.02.2024 22:00:00.000,1.07555,1.07567,1.07535,1.07556,5045.5298
06.02.2024 23:00:00.000,1.07552,1.07571,1.07547,1.07570,3982.5901
07.02.2024 00:00:00.000,1.07570,1.07596,1.07563,1.07592,6916.96
07.02.2024 01:00:00.000,1.07594,1.07652,1.07592,1.07638,13624.3301
07.02.2024 02:00:00.000,1.07637,1.07659,1.07619,1.07638,11352.5996
07.02.2024 03:00:00.000,1.07639,1.07667,1.07587,1.07591,4324.02
07.02.2024 04:00:00.000,1.07590,1.07604,1.07569,1.07593,5474.2002
07.02.2024 05:00:00.000,1.07591,1.07648,1.07582,1.07629,5986.5698
07.02.2024 06:00:00.000,1.07628,1.07659,1.07570,1.07614,5486.2202
07.02.2024 07:00:00.000,1.07615,1.07730,1.07612,1.07727,10872.2695
07.02.2024 08:00:00.000,1.07728,1.07736,1.07606,1.07630,11391.29
07.02.2024 09:00:00.000,1.07631,1.07711,1.07581,1.07695,10598.7598
07.02.2024 10:00:00.000,1.07694,1.07710,1.07629,1.07644,10340.7305
07.02.2024 11:00:00.000,1.07643,1.07741,1.07625,1.07712,9829.8301
07.02.2024 12:00:00.000,1.07713,1.07754,1.07662,1.07739,9318.2402
07.02.2024 13:00:00.000,1.07740,1.07841,1.07670,1.07704,14606.3203
07.02.2024 14:00:00.000,1.07704,1.07782,1.07657,1.07716,29500.6191
07.02.2024 15:00:00.000,1.07718,1.07800,1.07559,1.07569,31858.0898
07.02.2024 16:00:00.000,1.07570,1.07714,1.07563,1.07678,15849.9404
07.02.2024 17:00:00.000,1.07678,1.07680,1.07595,1.07650,7803.21
07.02.2024 18:00:00.000,1.07650,1.07738,1.07646,1.07712,9995.2695
07.02.2024 19:00:00.000,1.07713,1.07757,1.07702,1.07720,4561.6401
07.02.2024 20:00:00.000,1.07720,1.07744,1.07710,1.07729,4242.0298
07.02.2024 21:00:00.000,1.07728,1.07750,1.07720,1.07723,2986.96
07.02.2024 22:00:00.000,1.07720,1.07756,1.07713,1.07734,3457.8101
07.02.2024 23:00:00.000,1.07736,1.07772,1.07729,1.07757,2042.1801
08.02.2024 00:00:00.000,1.07755,1.07797,1.07747,1.07782,3715.02
08.02.2024 01:00:00.000,1.07781,1.07799,1.07754,1.07789,5134.3999
08.02.2024 02:00:00.000,1.07789,1.07835,1.07786,1.07831,8118.5898
08.02.2024 03:00:00.000,1.07832,1.07851,1.07818,1.07825,3328.6699
08.02.2024 04:00:00.000,1.07825,1.07885,1.07798,1.07801,3535.1699
08.02.2024 05:00:00.000,1.07801,1.07843,1.07788,1.07829,5880.9702
08.02.2024 06:00:00.000,1.07830,1.07866,1.07814,1.07843,7016.5898
08.02.2024 07:00:00.000,1.07842,1.07890,1.07770,1.07803,10096.1699
08.02.2024 08:00:00.000,1.07803,1.07842,1.07687,1.07774,14667.8398
08.02.2024 09:00:00.000,1.07774,1.07845,1.07736,1.07831,11636.4297
08.02.2024 10:00:00.000,1.07831,1.07857,1.07714,1.07719,11230.2305
08.02.2024 11:00:00.000,1.07716,1.07733,1.07612,1.07631,12449.9004
08.02.2024 12:00:00.000,1.07631,1.07637,1.07501,1.07570,10214.7695
08.02.2024 13:00:00.000,1.07571,1.07622,1.07417,1.07443,19447.5098
08.02.2024 14:00:00.000,1.07441,1.07676,1.07437,1.07650,23757.7695
08.02.2024 15:00:00.000,1.07651,1.07677,1.07516,1.07613,20049.8809
08.02.2024 16:00:00.000,1.07614,1.07741,1.07604,1.07734,16466.1309
08.02.2024 17:00:00.000,1.07735,1.07767,1.07716,1.07736,6674.5698
08.02.2024 18:00:00.000,1.07737,1.07830,1.07734,1.07768,10221.3301
08.02.2024 19:00:00.000,1.07768,1.07789,1.07728,1.07749,9043.5098
08.02.2024 20:00:00.000,1.07749,1.07801,1.07749,1.07779,7095.6001
08.02.2024 21:00:00.000,1.07779,1.07789,1.07763,1.07782,2742.9099
08.02.2024 22:00:00.000,1.07782,1.07803,1.07767,1.07776,1964.14
08.02.2024 23:00:00.000,1.07778,1.07783,1.07741,1.07780,2141.95
09.02.2024 00:00:00.000,1.07780,1.07790,1.07725,1.07731,4500.9902
09.02.2024 01:00:00.000,1.07733,1.07788,1.07733,1.07745,4215.9399
09.02.2024 02:00:00.000,1.07745,1.07784,1.07734,1.07764,3776.72
09.02.2024 03:00:00.000,1.07764,1.07777,1.07703,1.07711,3416.6101
09.02.2024 04:00:00.000,1.07711,1.07729,1.07696,1.07714,1914.79
09.02.2024 05:00:00.000,1.07713,1.07741,1.07698,1.07713,1736.1
09.02.2024 06:00:00.000,1.07713,1.07757,1.07702,1.07749,2476.5701
09.02.2024 07:00:00.000,1.07750,1.07829,1.07747,1.07805,8216.6396
09.02.2024 08:00:00.000,1.07806,1.07850,1.07725,1.07730,17240.0996
09.02.2024 09:00:00.000,1.07729,1.07771,1.07662,1.07674,17346.5
09.02.2024 10:00:00.000,1.07673,1.07703,1.07623,1.07669,13801.0098
09.02.2024 11:00:00.000,1.07670,1.07734,1.07637,1.07719,8036.5801
09.02.2024 12:00:00.000,1.07720,1.07768,1.07633,1.07674,9022.96
09.02.2024 13:00:00.000,1.07673,1.07950,1.07655,1.07833,32593.6406
09.02.2024 14:00:00.000,1.07832,1.07953,1.07751,1.07818,29203.9707
09.02.2024 15:00:00.000,1.07818,1.07900,1.07801,1.07866,20600.9395
09.02.2024 16:00:00.000,1.07865,1.07882,1.07799,1.07819,18865.0898
09.02.2024 17:00:00.000,1.07817,1.07870,1.07794,1.07857,7992.3599
09.02.2024 18:00:00.000,1.07858,1.07910,1.07858,1.07869,5329.04
09.02.2024 19:00:00.000,1.07868,1.07881,1.07815,1.07827,4107.9902
09.02.2024 20:00:00.000,1.07827,1.07882,1.07799,1.07864,8369.7402
09.02.2024 21:00:00.000,1.07864,1.07887,1.07841,1.07849,3185.8899
09.02.2024 22:00:00.000,1.07849,1.07849,1.07849,1.07849,0
09.02.2024 23:00:00.000,1.07849,1.07849,1.07849,1.07849,0
10.02.2024 00:00:00.000,1.07849,1.07849,1.07849,1.07849,0
10.02.2024 01:00:00.000,1.07849,1.07849,1.07849,1.07849,0
10.02.2024 02:00:00.000,1.07849,1.07849,1.07849,1.07849,0
10.02.2024 03:00:00.000,1.07849,1.07849,1.07849,1.07849,0
10.02.2024 04:00:00.000,1.07849,1.07849,1.07849,1.07849,0
10.02.2024 05:00:00.000,1.07849,1.07849,1.07849,1.07849,0
10.02.2024 06:00:00.000,1.07849,1.07849,1.07849,1.07849,0
10.02.2024 07:00:00.000,1.07849,1.07849,1.07849,1.07849,0
10.02.2024 08:00:00.000,1.07849,1.07849,1.07849,1.07849,0
10.02.2024 09:00:00.000,1.07849,1.07849,1.07849,1.07849,0
10.02.2024 10:00:00.000,1.07849,1.07849,1.07849,1.07849,0
10.02.2024 11:00:00.000,1.07849,1.07849,1.07849,1.07849,0
10.02.2024 12:00:00.000,1.07849,1.07849,1.07849,1.07849,0
10.02.2024 13:00:00.000,1.07849,1.07849,1.07849,1.07849,0
10.02.2024 14:00:00.000,1.07849,1.07849,1.07849,1.07849,0
10.02.2024 15:00:00.000,1.07849,1.07849,1.07849,1.07849,0
10.02.2024 16:00:00.000,1.07849,1.07849,1.07849,1.07849,0
10.02.2024 17:00:00.000,1.07849,1.07849,1.07849,1.07849,0
10.02.2024 18:00:00.000,1.07849,1.07849,1.07849,1.07849,0
10.02.2024 19:00:00.000,1.07849,1.07849,1.07849,1.07849,0
10.02.2024 20:00:00.000,1.07849,1.07849,1.07849,1.07849,0
10.02.2024 21:00:00.000,1.07849,1.07849,1.07849,1.07849,0
10.02.2024 22:00:00.000,1.07849,1.07849,1.07849,1.07849,0
10.02.2024 23:00:00.000,1.07849,1.07849,1.07849,1.07849,0
11.02.2024 00:00:00.000,1.07849,1.07849,1.07849,1.07849,0
11.02.2024 01:00:00.000,1.07849,1.07849,1.07849,1.07849,0
11.02.2024 02:00:00.000,1.07849,1.07849,1.07849,1.07849,0
11.02.2024 03:00:00.000,1.07849,1.07849,1.07849,1.07849,0
11.02.2024 04:00:00.000,1.07849,1.07849,1.07849,1.07849,0
11.02.2024 05:00:00.000,1.07849,1.07849,1.07849,1.07849,0
11.02.2024 06:00:00.000,1.07849,1.07849,1.07849,1.07849,0
11.02.2024 07:00:00.000,1.07849,1.07849,1.07849,1.07849,0
11.02.2024 08:00:00.000,1.07849,1.07849,1.07849,1.07849,0
11.02.2024 09:00:00.000,1.07849,1.07849,1.07849,1.07849,0
11.02.2024 10:00:00.000,1.07849,1.07849,1.07849,1.07849,0
11.02.2024 11:00:00.000,1.07849,1.07849,1.07849,1.07849,0
11.02.2024 12:00:00.000,1.07849,1.07849,1.07849,1.07849,0
11.02.2024 13:00:00.000,1.07849,1.07849,1.07849,1.07849,0
11.02.2024 14:00:00.000,1.07849,1.07849,1.07849,1.07849,0
11.02.2024 15:00:00.000,1.07849,1.07849,1.07849,1.07849,0
11.02.2024 16:00:00.000,1.07849,1.07849,1.07849,1.07849,0
11.02.2024 17:00:00.000,1.07849,1.07849,1.07849,1.07849,0
11.02.2024 18:00:00.000,1.07849,1.07849,1.07849,1.07849,0
11.02.2024 19:00:00.000,1.07849,1.07849,1.07849,1.07849,0
11.02.2024 20:00:00.000,1.07849,1.07849,1.07849,1.07849,0
11.02.2024 21:00:00.000,1.07849,1.07849,1.07849,1.07849,0
11.02.2024 22:00:00.000,1.07848,1.07878,1.07819,1.07859,819.38
11.02.2024 23:00:00.000,1.07861,1.07985,1.07848,1.07982,6432.4302
12.02.2024 00:00:00.000,1.07982,1.08000,1.07969,1.07987,6250.6802
12.02.2024 01:00:00.000,1.07988,1.07988,1.07939,1.07958,2496.95
12.02.2024 02:00:00.000,1.07960,1.07980,1.07934,1.07951,2100.3899
12.02.2024 03:00:00.000,1.07950,1.07972,1.07913,1.07921,3362.8501
12.02.2024 04:00:00.000,1.07922,1.07943,1.07896,1.07907,3622.6899
12.02.2024 05:00:00.000,1.07906,1.07946,1.07902,1.07917,2764.5801
12.02.2024 06:00:00.000,1.07918,1.07934,1.07902,1.07918,3595.3999
12.02.2024 07:00:00.000,1.07917,1.08058,1.07896,1.08034,12960.8701
12.02.2024 08:00:00.000,1.08033,1.08033,1.07745,1.07755,18805.1895
12.02.2024 09:00:00.000,1.07754,1.07782,1.07669,1.07693,13238.1602
12.02.2024 10:00:00.000,1.07695,1.07789,1.07674,1.07769,9531.2002
12.02.2024 11:00:00.000,1.07770,1.07780,1.07632,1.07696,5820.3999
12.02.2024 12:00:00.000,1.07697,1.07738,1.07653,1.07700,10038.2803
12.02.2024 13:00:00.000,1.07700,1.07738,1.07612,1.07641,10392.7402
12.02.2024 14:00:00.000,1.07640,1.07744,1.07632,1.07724,11316.8896
12.02.2024 15:00:00.000,1.07724,1.07726,1.07560,1.07676,18571
12.02.2024 16:00:00.000,1.07676,1.07775,1.07655,1.07734,10303.8896
12.02.2024 17:00:00.000,1.07734,1.07826,1.07730,1.07825,7307.2002
12.02.2024 18:00:00.000,1.07826,1.07863,1.07807,1.07814,6131.1802
12.02.2024 19:00:00.000,1.07813,1.07831,1.07682,1.07696,6316.1201
12.02.2024 20:00:00.000,1.07697,1.07752,1.07697,1.07744,8156.5
12.02.2024 21:00:00.000,1.07744,1.07752,1.07704,1.07720,3490.01
12.02.2024 22:00:00.000,1.07720,1.07767,1.07720,1.07734,1442.99
12.02.2024 23:00:00.000,1.07733,1.07740,1.07710,1.07721,2084.75
13.02.2024 00:00:00.000,1.07721,1.07732,1.07671,1.07729,3391.1599
13.02.2024 01:00:00.000,1.07731,1.07747,1.07659,1.07671,2638.1599
13.02.2024 02:00:00.000,1.07670,1.07670,1.07624,1.07643,2724.54
13.02.2024 03:00:00.000,1.07643,1.07649,1.07608,1.07620,3180.71
13.02.2024 04:00:00.000,1.07620,1.07644,1.07614,1.07639,2457.0901
13.02.2024 05:00:00.000,1.07636,1.07681,1.07636,1.07671,2839.4099
13.02.2024 06:00:00.000,1.07671,1.07727,1.07663,1.07707,3807.3899
13.02.2024 07:00:00.000,1.07706,1.07780,1.07660,1.07713,15374.4805
13.02.2024 08:00:00.000,1.07713,1.07748,1.07624,1.07679,14289.1299
13.02.2024 09:00:00.000,1.07678,1.07696,1.07570,1.07670,15887.5303
13.02.2024 10:00:00.000,1.07671,1.07764,1.07665,1.07724,14109.3203
13.02.2024 11:00:00.000,1.07724,1.07819,1.07724,1.07781,8801.3799
13.02.2024 12:00:00.000,1.07778,1.07868,1.07764,1.07857,13708.2002
13.02.2024 13:00:00.000,1.07856,1.07998,1.07032,1.07087,45271.5
13.02.2024 14:00:00.000,1.07086,1.07239,1.07008,1.07182,41524.1484
13.02.2024 15:00:00.000,1.07183,1.07270,1.07061,1.07168,33642.0391
13.02.2024 16:00:00.000,1.07169,1.07223,1.07129,1.07193,19279.75
13.02.2024 17:00:00.000,1.07194,1.07204,1.07125,1.07153,9384.7305
13.02.2024 18:00:00.000,1.07154,1.07204,1.07078,1.07085,7420.0898
13.02.2024 19:00:00.000,1.07083,1.07084,1.07006,1.07015,9857.5098
13.02.2024 20:00:00.000,1.07014,1.07103,1.07008,1.07075,14369.7197
13.02.2024 21:00:00.000,1.07073,1.07104,1.07073,1.07091,5915.4399
13.02.2024 22:00:00.000,1.07092,1.07127,1.07092,1.07118,1895.3101
13.02.2024 23:00:00.000,1.07115,1.07115,1.07082,1.07087,2159.6499
14.02.2024 00:00:00.000,1.07086,1.07147,1.07063,1.07079,4507.1699
14.02.2024 01:00:00.000,1.07080,1.07124,1.07035,1.07118,10226.3896
14.02.2024 02:00:00.000,1.07118,1.07141,1.07089,1.07097,6144.4702
14.02.2024 03:00:00.000,1.07098,1.07141,1.07084,1.07127,5338.9702
14.02.2024 04:00:00.000,1.07127,1.07148,1.07096,1.07146,3839.2
14.02.2024 05:00:00.000,1.07146,1.07153,1.07118,1.07143,4042.1899
14.02.2024 06:00:00.000,1.07142,1.07190,1.07142,1.07166,8227.0098
14.02.2024 07:00:00.000,1.07166,1.07176,1.07053,1.07078,16811.5098
14.02.2024 08:00:00.000,1.07078,1.07084,1.06952,1.07024,12762.6797
14.02.2024 09:00:00.000,1.07024,1.07061,1.06965,1.07003,12420.71
14.02.2024 10:00:00.000,1.07004,1.07045,1.06966,1.07038,8938.3799
14.02.2024 11:00:00.000,1.07039,1.07106,1.06973,1.07080,9793.9805
14.02.2024 12:00:00.000,1.07080,1.07106,1.07013,1.07059,8161.8301
14.02.2024 13:00:00.000,1.07060,1.07169,1.07060,1.07089,22224.7891
14.02.2024 14:00:00.000,1.07090,1.07232,1.07067,1.07164,29255.8008
14.02.2024 15:00:00.000,1.07163,1.07253,1.07134,1.07214,19267.2598
14.02.2024 16:00:00.000,1.07213,1.07346,1.07193,1.07341,14407.0898
14.02.2024 17:00:00.000,1.07341,1.07341,1.07279,1.07308,10093.7197
14.02.2024 18:00:00.000,1.07308,1.07340,1.07261,1.07270,7468.8901
14.02.2024 19:00:00.000,1.07270,1.07296,1.07257,1.07283,5623.5898
14.02.2024 20:00:00.000,1.07284,1.07290,1.07262,1.07277,10665.1602
14.02.2024 21:00:00.000,1.07276,1.07286,1.07256,1.07277,3771.96
14.02.2024 22:00:00.000,1.07293,1.07298,1.07267,1.07275,1473.49
14.02.2024 23:00:00.000,1.07279,1.07324,1.07276,1.07322,1254.41
15.02.2024 00:00:00.000,1.07323,1.07356,1.07296,1.07342,5844.8901
15.02.2024 01:00:00.000,1.07343,1.07353,1.07264,1.07285,6556.6401
15.02.2024 02:00:00.000,1.07285,1.07316,1.07260,1.07294,4813.9702
15.02.2024 03:00:00.000,1.07295,1.07308,1.07252,1.07258,5472.5698
15.02.2024 04:00:00.000,1.07258,1.07270,1.07249,1.07262,3583.5801
15.02.2024 05:00:00.000,1.07262,1.07324,1.07262,1.07293,4763.1699
15.02.2024 06:00:00.000,1.07292,1.07342,1.07274,1.07312,3860.6899
15.02.2024 07:00:00.000,1.07311,1.07415,1.07278,1.07332,11488.75
15.02.2024 08:00:00.000,1.07333,1.07379,1.07298,1.07312,11401.5498
15.02.2024 09:00:00.000,1.07311,1.07370,1.07282,1.07334,11466.2598
15.02.2024 10:00:00.000,1.07332,1.07371,1.07310,1.07348,7221.0898
15.02.2024 11:00:00.000,1.07348,1.07403,1.07339,1.07356,7012.1099
15.02.2024 12:00:00.000,1.07356,1.07489,1.07356,1.07451,7537.3901
15.02.2024 13:00:00.000,1.07452,1.07731,1.07429,1.07666,40443.2305
15.02.2024 14:00:00.000,1.07660,1.07830,1.07594,1.07763,36215.9414
15.02.2024 15:00:00.000,1.07763,1.07850,1.07587,1.07613,18664.75
15.02.2024 16:00:00.000,1.07614,1.07632,1.07553,1.07597,13039.2197
15.02.2024 17:00:00.000,1.07599,1.07631,1.07567,1.07626,10748.6104
15.02.2024 18:00:00.000,1.07627,1.07678,1.07607,1.07671,11319.9102
15.02.2024 19:00:00.000,1.07672,1.07725,1.07667,1.07690,4246.9502
15.02.2024 20:00:00.000,1.07689,1.07719,1.07681,1.07718,5331.02
15.02.2024 21:00:00.000,1.07716,1.07740,1.07705,1.07726,3396.6201
15.02.2024 22:00:00.000,1.07729,1.07740,1.07704,1.07736,1786.5
15.02.2024 23:00:00.000,1.07735,1.07770,1.07725,1.07729,1567.92
16.02.2024 00:00:00.000,1.07730,1.07738,1.07614,1.07651,5279.48
16.02.2024 01:00:00.000,1.07652,1.07663,1.07616,1.07652,6487.9902
16.02.2024 02:00:00.000,1.07651,1.07652,1.07601,1.07608,3445.8899
16.02.2024 03:00:00.000,1.07606,1.07634,1.07593,1.07602,2469.96
16.02.2024 04:00:00.000,1.07602,1.07614,1.07576,1.07595,3518.6699
16.02.2024 05:00:00.000,1.07594,1.07620,1.07586,1.07605,4263.1299
16.02.2024 06:00:00.000,1.07604,1.07630,1.07588,1.07629,2642.0701
16.02.2024 07:00:00.000,1.07630,1.07682,1.07603,1.07608,7289.23
16.02.2024 08:00:00.000,1.07610,1.07716,1.07597,1.07701,8957.0195
16.02.2024 09:00:00.000,1.07700,1.07719,1.07642,1.07663,7934.71
16.02.2024 10:00:00.000,1.07665,1.07710,1.07629,1.07682,9992.2402
16.02.2024 11:00:00.000,1.07680,1.07802,1.07669,1.07777,10966.2598
16.02.2024 12:00:00.000,1.07776,1.07781,1.07678,1.07682,9605.04
16.02.2024 13:00:00.000,1.07682,1.07711,1.07322,1.07466,32039.8008
16.02.2024 14:00:00.000,1.07466,1.07572,1.07411,1.07503,29973.0293
16.02.2024 15:00:00.000,1.07506,1.07771,1.07490,1.07710,29591.8906
16.02.2024 16:00:00.000,1.07711,1.07755,1.07658,1.07686,10522.5898
16.02.2024 17:00:00.000,1.07682,1.07781,1.07629,1.07779,8930.3604
16.02.2024 18:00:00.000,1.07781,1.07862,1.07740,1.07853,15348.2002
16.02.2024 19:00:00.000,1.07853,1.07876,1.07756,1.07771,7994.3101
16.02.2024 20:00:00.000,1.07772,1.07776,1.07731,1.07766,10688.8301
16.02.2024 21:00:00.000,1.07767,1.07805,1.07750,1.07769,5149.8198
16.02.2024 22:00:00.000,1.07769,1.07769,1.07769,1.07769,0
16.02.2024 23:00:00.000,1.07769,1.07769,1.07769,1.07769,0
17.02.2024 00:00:00.000,1.07769,1.07769,1.07769,1.07769,0
17.02.2024 01:00:00.000,1.07769,1.07769,1.07769,1.07769,0
17.02.2024 02:00:00.000,1.07769,1.07769,1.07769,1.07769,0
17.02.2024 03:00:00.000,1.07769,1.07769,1.07769,1.07769,0
17.02.2024 04:00:00.000,1.07769,1.07769,1.07769,1.07769,0
17.02.2024 05:00:00.000,1.07769,1.07769,1.07769,1.07769,0
17.02.2024 06:00:00.000,1.07769,1.07769,1.07769,1.07769,0
17.02.2024 07:00:00.000,1.07769,1.07769,1.07769,1.07769,0
17.02.2024 08:00:00.000,1.07769,1.07769,1.07769,1.07769,0
17.02.2024 09:00:00.000,1.07769,1.07769,1.07769,1.07769,0
17.02.2024 10:00:00.000,1.07769,1.07769,1.07769,1.07769,0
17.02.2024 11:00:00.000,1.07769,1.07769,1.07769,1.07769,0
17.02.2024 12:00:00.000,1.07769,1.07769,1.07769,1.07769,0
17.02.2024 13:00:00.000,1.07769,1.07769,1.07769,1.07769,0
17.02.2024 14:00:00.000,1.07769,1.07769,1.07769,1.07769,0
17.02.2024 15:00:00.000,1.07769,1.07769,1.07769,1.07769,0
17.02.2024 16:00:00.000,1.07769,1.07769,1.07769,1.07769,0
17.02.2024 17:00:00.000,1.07769,1.07769,1.07769,1.07769,0
17.02.2024 18:00:00.000,1.07769,1.07769,1.07769,1.07769,0
17.02.2024 19:00:00.000,1.07769,1.07769,1.07769,1.07769,0
17.02.2024 20:00:00.000,1.07769,1.07769,1.07769,1.07769,0
17.02.2024 21:00:00.000,1.07769,1.07769,1.07769,1.07769,0
17.02.2024 22:00:00.000,1.07769,1.07769,1.07769,1.07769,0
17.02.2024 23:00:00.000,1.07769,1.07769,1.07769,1.07769,0
18.02.2024 00:00:00.000,1.07769,1.07769,1.07769,1.07769,0
18.02.2024 01:00:00.000,1.07769,1.07769,1.07769,1.07769,0
18.02.2024 02:00:00.000,1.07769,1.07769,1.07769,1.07769,0
18.02.2024 03:00:00.000,1.07769,1.07769,1.07769,1.07769,0
18.02.2024 04:00:00.000,1.07769,1.07769,1.07769,1.07769,0
18.02.2024 05:00:00.000,1.07769,1.07769,1.07769,1.07769,0
18.02.2024 06:00:00.000,1.07769,1.07769,1.07769,1.07769,0
18.02.2024 07:00:00.000,1.07769,1.07769,1.07769,1.07769,0
18.02.2024 08:00:00.000,1.07769,1.07769,1.07769,1.07769,0
18.02.2024 09:00:00.000,1.07769,1.07769,1.07769,1.07769,0
18.02.2024 10:00:00.000,1.07769,1.07769,1.07769,1.07769,0
18.02.2024 11:00:00.000,1.07769,1.07769,1.07769,1.07769,0
18.02.2024 12:00:00.000,1.07769,1.07769,1.07769,1.07769,0
18.02.2024 13:00:00.000,1.07769,1.07769,1.07769,1.07769,0
18.02.2024 14:00:00.000,1.07769,1.07769,1.07769,1.07769,0
18.02.2024 15:00:00.000,1.07769,1.07769,1.07769,1.07769,0
18.02.2024 16:00:00.000,1.07769,1.07769,1.07769,1.07769,0
18.02.2024 17:00:00.000,1.07769,1.07769,1.07769,1.07769,0
18.02.2024 18:00:00.000,1.07769,1.07769,1.07769,1.07769,0
18.02.2024 19:00:00.000,1.07769,1.07769,1.07769,1.07769,0
18.02.2024 20:00:00.000,1.07769,1.07769,1.07769,1.07769,0
18.02.2024 21:00:00.000,1.07769,1.07769,1.07769,1.07769,0
18.02.2024 22:00:00.000,1.07783,1.07783,1.07742,1.07768,1433.71
18.02.2024 23:00:00.000,1.07770,1.07853,1.07759,1.07843,3564.6899
19.02.2024 00:00:00.000,1.07841,1.07891,1.07839,1.07871,5141.0898
19.02.2024 01:00:00.000,1.07872,1.07883,1.07785,1.07805,5876.8398
19.02.2024 02:00:00.000,1.07804,1.07820,1.07783,1.07814,4491.5801
19.02.2024 03:00:00.000,1.07814,1.07835,1.07752,1.07756,3677.1101
19.02.2024 04:00:00.000,1.07754,1.07813,1.07750,1.07781,2944.29
19.02.2024 05:00:00.000,1.07781,1.07830,1.07772,1.07820,5060.8101
19.02.2024 06:00:00.000,1.07820,1.07869,1.07801,1.07865,4834.4199
19.02.2024 07:00:00.000,1.07866,1.07896,1.07815,1.07828,5437.9399
19.02.2024 08:00:00.000,1.07831,1.07876,1.07765,1.07784,9116.5
19.02.2024 09:00:00.000,1.07784,1.07837,1.07725,1.07750,9169.96
19.02.2024 10:00:00.000,1.07750,1.07789,1.07725,1.07755,6637.2402
19.02.2024 11:00:00.000,1.07756,1.07819,1.07737,1.07772,6103.1802
19.02.2024 12:00:00.000,1.07772,1.07797,1.07698,1.07704,9434.5498
19.02.2024 13:00:00.000,1.07705,1.07791,1.07677,1.07703,12680.1904
19.02.2024 14:00:00.000,1.07702,1.07707,1.07632,1.07667,14094.46
19.02.2024 15:00:00.000,1.07668,1.07688,1.07622,1.07676,9862.8496
19.02.2024 16:00:00.000,1.07675,1.07710,1.07628,1.07701,4127.6802
19.02.2024 17:00:00.000,1.07698,1.07767,1.07697,1.07763,2796.22
19.02.2024 18:00:00.000,1.07762,1.07839,1.07762,1.07793,1149.1
19.02.2024 19:00:00.000,1.07794,1.07824,1.07783,1.07788,844.99
19.02.2024 20:00:00.000,1.07789,1.07800,1.07779,1.07796,416.58
19.02.2024 21:00:00.000,1.07795,1.07826,1.07791,1.07798,719.62
19.02.2024 22:00:00.000,1.07816,1.07816,1.07780,1.07804,2779.22
19.02.2024 23:00:00.000,1.07796,1.07804,1.07741,1.07757,1914.3199
20.02.2024 00:00:00.000,1.07756,1.07771,1.07679,1.07698,3906.1201
20.02.2024 01:00:00.000,1.07698,1.07715,1.07652,1.07662,6574.0601
20.02.2024 02:00:00.000,1.07660,1.07672,1.07619,1.07672,8260.6201
20.02.2024 03:00:00.000,1.07672,1.07688,1.07648,1.07680,7268.3101
20.02.2024 04:00:00.000,1.07679,1.07711,1.07675,1.07691,3180.6899
20.02.2024 05:00:00.000,1.07692,1.07702,1.07655,1.07682,5271.5898
20.02.2024 06:00:00.000,1.07683,1.07731,1.07675,1.07711,7151.7002
20.02.2024 07:00:00.000,1.07712,1.07750,1.07677,1.07699,8625.5303
20.02.2024 08:00:00.000,1.07699,1.07779,1.07691,1.07759,12914.4297
20.02.2024 09:00:00.000,1.07759,1.07991,1.07741,1.07981,10822.9404
20.02.2024 10:00:00.000,1.07980,1.08096,1.07958,1.08042,12737.8398
20.02.2024 11:00:00.000,1.08042,1.08046,1.07938,1.07986,17793.75
20.02.2024 12:00:00.000,1.07986,1.08058,1.07955,1.07983,12956.5303
20.02.2024 13:00:00.000,1.07984,1.08250,1.07971,1.08232,20771.3594
20.02.2024 14:00:00.000,1.08234,1.08391,1.08184,1.08292,20163.75
20.02.2024 15:00:00.000,1.08293,1.08297,1.08132,1.08228,17456.7402
20.02.2024 16:00:00.000,1.08228,1.08250,1.08126,1.08131,15260.04
20.02.2024 17:00:00.000,1.08132,1.08150,1.08093,1.08120,10765.8203
20.02.2024 18:00:00.000,1.08119,1.08132,1.08073,1.08100,5841.5498
20.02.2024 19:00:00.000,1.08099,1.08117,1.08066,1.08066,12455
20.02.2024 20:00:00.000,1.08066,1.08129,1.08046,1.08106,9718.0801
20.02.2024 21:00:00.000,1.08105,1.08108,1.08067,1.08085,2801.1101
20.02.2024 22:00:00.000,1.08084,1.08111,1.08072,1.08109,1368.09
20.02.2024 23:00:00.000,1.08111,1.08114,1.08082,1.08101,3016.6699
21.02.2024 00:00:00.000,1.08102,1.08113,1.08068,1.08104,4280.77
21.02.2024 01:00:00.000,1.08103,1.08128,1.08057,1.08122,6311.3501
21.02.2024 02:00:00.000,1.08122,1.08174,1.08122,1.08153,8527.9297
21.02.2024 03:00:00.000,1.08154,1.08191,1.08138,1.08182,7804.7202
21.02.2024 04:00:00.000,1.08182,1.08193,1.08137,1.08143,3961.03
21.02.2024 05:00:00.000,1.08144,1.08167,1.08127,1.08153,3652.9399
21.02.2024 06:00:00.000,1.08153,1.08154,1.08078,1.08117,4617.2002
21.02.2024 07:00:00.000,1.08118,1.08143,1.08066,1.08110,9593.1201
21.02.2024 08:00:00.000,1.08107,1.08148,1.07975,1.07990,11504.0303
21.02.2024 09:00:00.000,1.07989,1.08006,1.07901,1.08001,17276.75
21.02.2024 10:00:00.000,1.08000,1.08035,1.07962,1.08013,10141.1201
21.02.2024 11:00:00.000,1.08012,1.08024,1.07945,1.07993,6726.8198
21.02.2024 12:00:00.000,1.07992,1.08034,1.07966,1.08033,9381.4004
21.02.2024 13:00:00.000,1.08034,1.08116,1.08034,1.08102,10902.79
21.02.2024 14:00:00.000,1.08102,1.08163,1.08064,1.08133,14179.5098
21.02.2024 15:00:00.000,1.08134,1.08201,1.08045,1.08054,15344.4404
21.02.2024 16:00:00.000,1.08053,1.08191,1.08010,1.08172,17295.8809
21.02.2024 17:00:00.000,1.08172,1.08175,1.08069,1.08077,8447.0303
21.02.2024 18:00:00.000,1.08076,1.08138,1.08001,1.08122,9635.8896
21.02.2024 19:00:00.000,1.08124,1.08246,1.08053,1.08167,20974.1895
21.02.2024 20:00:00.000,1.08167,1.08211,1.08127,1.08173,7754.9502
21.02.2024 21:00:00.000,1.08175,1.08204,1.08132,1.08195,3764.3799
21.02.2024 22:00:00.000,1.08195,1.08217,1.08184,1.08204,7449.0801
21.02.2024 23:00:00.000,1.08205,1.08229,1.08190,1.08205,2046.53
22.02.2024 00:00:00.000,1.08205,1.08322,1.08203,1.08304,5342.4702
22.02.2024 01:00:00.000,1.08304,1.08308,1.08269,1.08269,4713.23
22.02.2024 02:00:00.000,1.08267,1.08272,1.08192,1.08263,3935.54
22.02.2024 03:00:00.000,1.08264,1.08275,1.08233,1.08260,3925.1899
22.02.2024 04:00:00.000,1.08260,1.08311,1.08255,1.08306,3114.71
22.02.2024 05:00:00.000,1.08306,1.08381,1.08299,1.08336,5424.1602
22.02.2024 06:00:00.000,1.08336,1.08403,1.08332,1.08387,5719.8901
22.02.2024 07:00:00.000,1.08387,1.08540,1.08378,1.08533,17372.1191
22.02.2024 08:00:00.000,1.08534,1.08885,1.08528,1.08719,26861.3594
22.02.2024 09:00:00.000,1.08719,1.08719,1.08483,1.08533,23355.2305
22.02.2024 10:00:00.000,1.08533,1.08590,1.08505,1.08568,10339.5303
22.02.2024 11:00:00.000,1.08569,1.08576,1.08451,1.08576,10447.8096
22.02.2024 12:00:00.000,1.08576,1.08589,1.08426,1.08441,6855.7002
22.02.2024 13:00:00.000,1.08440,1.08483,1.08212,1.08232,19050.3105
22.02.2024 14:00:00.000,1.08232,1.08247,1.08030,1.08184,22226.1406
22.02.2024 15:00:00.000,1.08182,1.08197,1.08038,1.08105,22906.6992
22.02.2024 16:00:00.000,1.08105,1.08187,1.08090,1.08143,11284.4004
22.02.2024 17:00:00.000,1.08143,1.08242,1.08120,1.08203,7766.6201
22.02.2024 18:00:00.000,1.08203,1.08263,1.08146,1.08249,8103.6802
22.02.2024 19:00:00.000,1.08249,1.08252,1.08193,1.08225,5281.23
22.02.2024 20:00:00.000,1.08225,1.08233,1.08187,1.08219,4558.02
22.02.2024 21:00:00.000,1.08220,1.08240,1.08209,1.08237,3012.76
22.02.2024 22:00:00.000,1.08237,1.08249,1.08189,1.08228,1495.4
22.02.2024 23:00:00.000,1.08228,1.08262,1.08225,1.08257,1993.26
23.02.2024 00:00:00.000,1.08256,1.08282,1.08151,1.08219,5860.2798
23.02.2024 01:00:00.000,1.08218,1.08322,1.08218,1.08271,4524.4502
23.02.2024 02:00:00.000,1.08273,1.08308,1.08250,1.08257,4067.6001
23.02.2024 03:00:00.000,1.08257,1.08262,1.08228,1.08255,3171.22
23.02.2024 04:00:00.000,1.08255,1.08286,1.08251,1.08256,2689.72
23.02.2024 05:00:00.000,1.08256,1.08272,1.08214,1.08229,2524.0901
23.02.2024 06:00:00.000,1.08230,1.08278,1.08221,1.08259,3633.73
23.02.2024 07:00:00.000,1.08258,1.08320,1.08241,1.08295,8424.6797
23.02.2024 08:00:00.000,1.08296,1.08326,1.08212,1.08253,8313.8701
23.02.2024 09:00:00.000,1.08254,1.08260,1.08142,1.08176,6977.6602
23.02.2024 10:00:00.000,1.08176,1.08250,1.08173,1.08240,6635.3101
23.02.2024 11:00:00.000,1.08241,1.08316,1.08226,1.08273,10316.9404
23.02.2024 12:00:00.000,1.08272,1.08397,1.08247,1.08363,14949.3604
23.02.2024 13:00:00.000,1.08364,1.08368,1.08269,1.08321,11007.2695
23.02.2024 14:00:00.000,1.08317,1.08371,1.08245,1.08258,13723.0596
23.02.2024 15:00:00.000,1.08257,1.08258,1.08121,1.08208,14089.1699
23.02.2024 16:00:00.000,1.08207,1.08288,1.08151,1.08275,9775.2803
23.02.2024 17:00:00.000,1.08276,1.08290,1.08212,1.08249,4731.5601
23.02.2024 18:00:00.000,1.08250,1.08297,1.08231,1.08266,3731.3101
23.02.2024 19:00:00.000,1.08266,1.08267,1.08203,1.08231,4159.5098
23.02.2024 20:00:00.000,1.08232,1.08246,1.08178,1.08225,4471.9302
23.02.2024 21:00:00.000,1.08224,1.08249,1.08206,1.08246,4695.8999
23.02.2024 22:00:00.000,1.08246,1.08246,1.08246,1.08246,0
23.02.2024 23:00:00.000,1.08246,1.08246,1.08246,1.08246,0
24.02.2024 00:00:00.000,1.08246,1.08246,1.08246,1.08246,0
24.02.2024 01:00:00.000,1.08246,1.08246,1.08246,1.08246,0
24.02.2024 02:00:00.000,1.08246,1.08246,1.08246,1.08246,0
24.02.2024 03:00:00.000,1.08246,1.08246,1.08246,1.08246,0
24.02.2024 04:00:00.000,1.08246,1.08246,1.08246,1.08246,0
24.02.2024 05:00:00.000,1.08246,1.08246,1.08246,1.08246,0
24.02.2024 06:00:00.000,1.08246,1.08246,1.08246,1.08246,0
24.02.2024 07:00:00.000,1.08246,1.08246,1.08246,1.08246,0
24.02.2024 08:00:00.000,1.08246,1.08246,1.08246,1.08246,0
24.02.2024 09:00:00.000,1.08246,1.08246,1.08246,1.08246,0
24.02.2024 10:00:00.000,1.08246,1.08246,1.08246,1.08246,0
24.02.2024 11:00:00.000,1.08246,1.08246,1.08246,1.08246,0
24.02.2024 12:00:00.000,1.08246,1.08246,1.08246,1.08246,0
24.02.2024 13:00:00.000,1.08246,1.08246,1.08246,1.08246,0
24.02.2024 14:00:00.000,1.08246,1.08246,1.08246,1.08246,0
24.02.2024 15:00:00.000,1.08246,1.08246,1.08246,1.08246,0
24.02.2024 16:00:00.000,1.08246,1.08246,1.08246,1.08246,0
24.02.2024 17:00:00.000,1.08246,1.08246,1.08246,1.08246,0
24.02.2024 18:00:00.000,1.08246,1.08246,1.08246,1.08246,0
24.02.2024 19:00:00.000,1.08246,1.08246,1.08246,1.08246,0
24.02.2024 20:00:00.000,1.08246,1.08246,1.08246,1.08246,0
24.02.2024 21:00:00.000,1.08246,1.08246,1.08246,1.08246,0
24.02.2024 22:00:00.000,1.08246,1.08246,1.08246,1.08246,0
24.02.2024 23:00:00.000,1.08246,1.08246,1.08246,1.08246,0
25.02.2024 00:00:00.000,1.08246,1.08246,1.08246,1.08246,0
25.02.2024 01:00:00.000,1.08246,1.08246,1.08246,1.08246,0
25.02.2024 02:00:00.000,1.08246,1.08246,1.08246,1.08246,0
25.02.2024 03:00:00.000,1.08246,1.08246,1.08246,1.08246,0
25.02.2024 04:00:00.000,1.08246,1.08246,1.08246,1.08246,0
25.02.2024 05:00:00.000,1.08246,1.08246,1.08246,1.08246,0
25.02.2024 06:00:00.000,1.08246,1.08246,1.08246,1.08246,0
25.02.2024 07:00:00.000,1.08246,1.08246,1.08246,1.08246,0
25.02.2024 08:00:00.000,1.08246,1.08246,1.08246,1.08246,0
25.02.2024 09:00:00.000,1.08246,1.08246,1.08246,1.08246,0
25.02.2024 10:00:00.000,1.08246,1.08246,1.08246,1.08246,0
25.02.2024 11:00:00.000,1.08246,1.08246,1.08246,1.08246,0
25.02.2024 12:00:00.000,1.08246,1.08246,1.08246,1.08246,0
25.02.2024 13:00:00.000,1.08246,1.08246,1.08246,1.08246,0
25.02.2024 14:00:00.000,1.08246,1.08246,1.08246,1.08246,0
25.02.2024 15:00:00.000,1.08246,1.08246,1.08246,1.08246,0
25.02.2024 16:00:00.000,1.08246,1.08246,1.08246,1.08246,0
25.02.2024 17:00:00.000,1.08246,1.08246,1.08246,1.08246,0
25.02.2024 18:00:00.000,1.08246,1.08246,1.08246,1.08246,0
25.02.2024 19:00:00.000,1.08246,1.08246,1.08246,1.08246,0
25.02.2024 20:00:00.000,1.08246,1.08246,1.08246,1.08246,0
25.02.2024 21:00:00.000,1.08246,1.08246,1.08246,1.08246,0
25.02.2024 22:00:00.000,1.08339,1.08339,1.08209,1.08242,2977.54
25.02.2024 23:00:00.000,1.08238,1.08243,1.08192,1.08194,3478.46
26.02.2024 00:00:00.000,1.08191,1.08205,1.08162,1.08169,3495.3501
26.02.2024 01:00:00.000,1.08168,1.08198,1.08128,1.08165,4420.1802
26.02.2024 02:00:00.000,1.08166,1.08178,1.08145,1.08172,3131.3799
26.02.2024 03:00:00.000,1.08170,1.08196,1.08162,1.08186,2822.3601
26.02.2024 04:00:00.000,1.08187,1.08228,1.08176,1.08213,3114.45
26.02.2024 05:00:00.000,1.08212,1.08242,1.08190,1.08232,3536.6299
26.02.2024 06:00:00.000,1.08232,1.08256,1.08222,1.08242,3420.1499
26.02.2024 07:00:00.000,1.08243,1.08369,1.08230,1.08323,13661.8203
26.02.2024 08:00:00.000,1.08324,1.08357,1.08272,1.08322,9573.7402
26.02.2024 09:00:00.000,1.08323,1.08405,1.08308,1.08400,6898.6099
26.02.2024 10:00:00.000,1.08402,1.08489,1.08387,1.08481,4956.1299
26.02.2024 11:00:00.000,1.08480,1.08542,1.08451,1.08521,5290.4302
26.02.2024 12:00:00.000,1.08521,1.08600,1.08489,1.08497,6511.8599
26.02.2024 13:00:00.000,1.08497,1.08590,1.08485,1.08581,7507.7202
26.02.2024 14:00:00.000,1.08581,1.08589,1.08440,1.08467,13821.6904
26.02.2024 15:00:00.000,1.08467,1.08544,1.08388,1.08511,10979.0498
26.02.2024 16:00:00.000,1.08510,1.08557,1.08473,1.08542,6802.98
26.02.2024 17:00:00.000,1.08543,1.08551,1.08438,1.08454,3653.3799
26.02.2024 18:00:00.000,1.08454,1.08459,1.08398,1.08447,4620.8701
26.02.2024 19:00:00.000,1.08447,1.08476,1.08441,1.08463,5431.1401
26.02.2024 20:00:00.000,1.08464,1.08528,1.08463,1.08509,6473.5498
26.02.2024 21:00:00.000,1.08508,1.08519,1.08498,1.08512,1461.95
26.02.2024 22:00:00.000,1.08513,1.08530,1.08481,1.08508,3171.55
26.02.2024 23:00:00.000,1.08503,1.08516,1.08488,1.08505,1026.55
27.02.2024 00:00:00.000,1.08505,1.08510,1.08470,1.08476,1402.9399
27.02.2024 01:00:00.000,1.08476,1.08509,1.08457,1.08501,1689.3101
27.02.2024 02:00:00.000,1.08502,1.08536,1.08483,1.08515,1811.8101
27.02.2024 03:00:00.000,1.08516,1.08532,1.08488,1.08530,1038.74
27.02.2024 04:00:00.000,1.08530,1.08557,1.08527,1.08535,1082.36
27.02.2024 05:00:00.000,1.08535,1.08543,1.08488,1.08521,1657.6
27.02.2024 06:00:00.000,1.08523,1.08529,1.08473,1.08505,1964.62
27.02.2024 07:00:00.000,1.08505,1.08629,1.08501,1.08562,4465.02
27.02.2024 08:00:00.000,1.08561,1.08661,1.08531,1.08577,8890.8701
27.02.2024 09:00:00.000,1.08577,1.08595,1.08520,1.08531,7105.46
27.02.2024 10:00:00.000,1.08531,1.08534,1.08421,1.08518,10750.96
27.02.2024 11:00:00.000,1.08517,1.08590,1.08480,1.08578,5503
27.02.2024 12:00:00.000,1.08579,1.08632,1.08559,1.08569,6156.2002
27.02.2024 13:00:00.000,1.08570,1.08580,1.08450,1.08482,11355.9404
27.02.2024 14:00:00.000,1.08481,1.08511,1.08360,1.08404,12112.5195
27.02.2024 15:00:00.000,1.08404,1.08513,1.08331,1.08471,19670.1992
27.02.2024 16:00:00.000,1.08471,1.08579,1.08450,1.08563,11268.8096
27.02.2024 17:00:00.000,1.08562,1.08566,1.08490,1.08509,5352.2998
27.02.2024 18:00:00.000,1.08508,1.08568,1.08491,1.08497,6014.0098
27.02.2024 19:00:00.000,1.08497,1.08497,1.08410,1.08444,4725.7598
27.02.2024 20:00:00.000,1.08444,1.08477,1.08421,1.08443,3856.75
27.02.2024 21:00:00.000,1.08443,1.08463,1.08438,1.08448,2542.1101
27.02.2024 22:00:00.000,1.08450,1.08485,1.08450,1.08453,1800.6801
27.02.2024 23:00:00.000,1.08459,1.08460,1.08413,1.08413,3278.27
28.02.2024 00:00:00.000,1.08413,1.08459,1.08407,1.08449,2850.1499
28.02.2024 01:00:00.000,1.08449,1.08449,1.08381,1.08396,4843.2402
28.02.2024 02:00:00.000,1.08397,1.08404,1.08373,1.08377,4614.8599
28.02.2024 03:00:00.000,1.08377,1.08382,1.08329,1.08345,3516.3301
28.02.2024 04:00:00.000,1.08345,1.08358,1.08320,1.08324,2818.04
28.02.2024 05:00:00.000,1.08323,1.08334,1.08256,1.08269,4895.7598
28.02.2024 06:00:00.000,1.08269,1.08295,1.08222,1.08226,4040.6799
28.02.2024 07:00:00.000,1.08224,1.08250,1.08166,1.08233,12615.9805
28.02.2024 08:00:00.000,1.08234,1.08242,1.08086,1.08091,7438.9199
28.02.2024 09:00:00.000,1.08090,1.08127,1.07967,1.08001,17155.0996
28.02.2024 10:00:00.000,1.08001,1.08178,1.07996,1.08157,13403.5596
28.02.2024 11:00:00.000,1.08156,1.08181,1.08112,1.08157,6441.4502
28.02.2024 12:00:00.000,1.08156,1.08210,1.08074,1.08089,5478.8501
28.02.2024 13:00:00.000,1.08088,1.08310,1.08068,1.08279,16697.4004
28.02.2024 14:00:00.000,1.08278,1.08339,1.08215,1.08301,11367.7803
28.02.2024 15:00:00.000,1.08303,1.08380,1.08261,1.08344,14074.7998
28.02.2024 16:00:00.000,1.08344,1.08425,1.08314,1.08422,7434.46
28.02.2024 17:00:00.000,1.08421,1.08460,1.08341,1.08385,5419.9502
28.02.2024 18:00:00.000,1.08385,1.08406,1.08330,1.08346,3690.03
28.02.2024 19:00:00.000,1.08345,1.08375,1.08326,1.08338,4549.4302
28.02.2024 20:00:00.000,1.08337,1.08399,1.08332,1.08382,5970.3301
28.02.2024 21:00:00.000,1.08381,1.08399,1.08362,1.08388,2196.8899
28.02.2024 22:00:00.000,1.08389,1.08409,1.08367,1.08385,1837.4301
28.02.2024 23:00:00.000,1.08386,1.08410,1.08376,1.08385,2051.96
29.02.2024 00:00:00.000,1.08386,1.08403,1.08349,1.08364,3523.1299
29.02.2024 01:00:00.000,1.08365,1.08404,1.08281,1.08292,6079.8799
29.02.2024 02:00:00.000,1.08291,1.08369,1.08289,1.08366,5793.5601
29.02.2024 03:00:00.000,1.08366,1.08379,1.08339,1.08371,2972.8899
29.02.2024 04:00:00.000,1.08370,1.08378,1.08344,1.08364,4881.6499
29.02.2024 05:00:00.000,1.08365,1.08375,1.08319,1.08355,4273.54
29.02.2024 06:00:00.000,1.08355,1.08382,1.08323,1.08331,3960.8899
29.02.2024 07:00:00.000,1.08330,1.08395,1.08261,1.08290,9735.2305
29.02.2024 08:00:00.000,1.08290,1.08475,1.08287,1.08379,10376.1396
29.02.2024 09:00:00.000,1.08391,1.08521,1.08379,1.08507,14078.7305
29.02.2024 10:00:00.000,1.08508,1.08545,1.08377,1.08380,9425.6602
29.02.2024 11:00:00.000,1.08379,1.08431,1.08291,1.08345,13686.5996
29.02.2024 12:00:00.000,1.08346,1.08360,1.08269,1.08290,8622.8799
29.02.2024 13:00:00.000,1.08291,1.08468,1.08220,1.08379,20223.5703
29.02.2024 14:00:00.000,1.08377,1.08504,1.08365,1.08468,17092.6406
29.02.2024 15:00:00.000,1.08471,1.08560,1.08192,1.08226,32776.5391
29.02.2024 16:00:00.000,1.08225,1.08251,1.08047,1.08064,20752.3594
29.02.2024 17:00:00.000,1.08065,1.08075,1.07959,1.08000,11922.4902
29.02.2024 18:00:00.000,1.08000,1.08104,1.07985,1.08094,8272.1104
29.02.2024 19:00:00.000,1.08094,1.08113,1.08012,1.08027,7181.8999
29.02.2024 20:00:00.000,1.08028,1.08097,1.08028,1.08085,6761.7998
29.02.2024 21:00:00.000,1.08086,1.08087,1.08040,1.08060,2860.97
29.02.2024 22:00:00.000,1.08059,1.08070,1.08033,1.08056,10772.3096
29.02.2024 23:00:00.000,1.08056,1.08059,1.08026,1.08058,714.27
01.03.2024 00:00:00.000,1.08057,1.08128,1.08053,1.08116,3987.0899999999997
01.03.2024 01:00:00.000,1.08116,1.08215,1.08112,1.08215,4069.719999999999
01.03.2024 02:00:00.000,1.08215,1.08219,1.08169,1.08185,2601.7899999999986
01.03.2024 03:00:00.000,1.08186,1.08213,1.08166,1.08170,2350.5099999999993
01.03.2024 04:00:00.000,1.08170,1.08171,1.08124,1.08138,1360.59
01.03.2024 05:00:00.000,1.08137,1.08143,1.08113,1.08124,2379.51
01.03.2024 06:00:00.000,1.08124,1.08142,1.08084,1.08093,2778.9999999999995
01.03.2024 07:00:00.000,1.08092,1.08175,1.08088,1.08126,8894.26
01.03.2024 08:00:00.000,1.08129,1.08201,1.08092,1.08115,10742.529999999999
01.03.2024 09:00:00.000,1.08113,1.08177,1.08087,1.08157,7549.180000000001
01.03.2024 10:00:00.000,1.08158,1.08230,1.07985,1.08107,12065.650000000001
01.03.2024 11:00:00.000,1.08107,1.08192,1.08106,1.08188,7063.1399999999985
01.03.2024 12:00:00.000,1.08189,1.08248,1.08121,1.08131,6544.78
01.03.2024 13:00:00.000,1.08130,1.08154,1.08079,1.08129,11713.950000000003
01.03.2024 14:00:00.000,1.08130,1.08208,1.07982,1.08008,16326.26
01.03.2024 15:00:00.000,1.08008,1.08417,1.08008,1.08352,27899.859999999997
01.03.2024 16:00:00.000,1.08352,1.08370,1.08235,1.08311,12411.479999999994
01.03.2024 17:00:00.000,1.08311,1.08399,1.08289,1.08378,5368.289999999999
01.03.2024 18:00:00.000,1.08377,1.08426,1.08317,1.08401,6016.92
01.03.2024 19:00:00.000,1.08402,1.08434,1.08383,1.08414,4829.28
01.03.2024 20:00:00.000,1.08413,1.08414,1.08349,1.08376,3317.2599999999998
01.03.2024 21:00:00.000,1.08374,1.08412,1.08334,1.08407,5041.210000000002
01.03.2024 22:00:00.000,1.08407,1.08407,1.08407,1.08407,0
01.03.2024 23:00:00.000,1.08407,1.08407,1.08407,1.08407,0
02.03.2024 00:00:00.000,1.08407,1.08407,1.08407,1.08407,0
02.03.2024 01:00:00.000,1.08407,1.08407,1.08407,1.08407,0
02.03.2024 02:00:00.000,1.08407,1.08407,1.08407,1.08407,0
02.03.2024 03:00:00.000,1.08407,1.08407,1.08407,1.08407,0
02.03.2024 04:00:00.000,1.08407,1.08407,1.08407,1.08407,0
02.03.2024 05:00:00.000,1.08407,1.08407,1.08407,1.08407,0
02.03.2024 06:00:00.000,1.08407,1.08407,1.08407,1.08407,0
02.03.2024 07:00:00.000,1.08407,1.08407,1.08407,1.08407,0
02.03.2024 08:00:00.000,1.08407,1.08407,1.08407,1.08407,0
02.03.2024 09:00:00.000,1.08407,1.08407,1.08407,1.08407,0
02.03.2024 10:00:00.000,1.08407,1.08407,1.08407,1.08407,0
02.03.2024 11:00:00.000,1.08407,1.08407,1.08407,1.08407,0
02.03.2024 12:00:00.000,1.08407,1.08407,1.08407,1.08407,0
02.03.2024 13:00:00.000,1.08407,1.08407,1.08407,1.08407,0
02.03.2024 14:00:00.000,1.08407,1.08407,1.08407,1.08407,0
02.03.2024 15:00:00.000,1.08407,1.08407,1.08407,1.08407,0
02.03.2024 16:00:00.000,1.08407,1.08407,1.08407,1.08407,0
02.03.2024 17:00:00.000,1.08407,1.08407,1.08407,1.08407,0
02.03.2024 18:00:00.000,1.08407,1.08407,1.08407,1.08407,0
02.03.2024 19:00:00.000,1.08407,1.08407,1.08407,1.08407,0
02.03.2024 20:00:00.000,1.08407,1.08407,1.08407,1.08407,0
02.03.2024 21:00:00.000,1.08407,1.08407,1.08407,1.08407,0
02.03.2024 22:00:00.000,1.08407,1.08407,1.08407,1.08407,0
02.03.2024 23:00:00.000,1.08407,1.08407,1.08407,1.08407,0
03.03.2024 00:00:00.000,1.08407,1.08407,1.08407,1.08407,0
03.03.2024 01:00:00.000,1.08407,1.08407,1.08407,1.08407,0
03.03.2024 02:00:00.000,1.08407,1.08407,1.08407,1.08407,0
03.03.2024 03:00:00.000,1.08407,1.08407,1.08407,1.08407,0
03.03.2024 04:00:00.000,1.08407,1.08407,1.08407,1.08407,0
03.03.2024 05:00:00.000,1.08407,1.08407,1.08407,1.08407,0
03.03.2024 06:00:00.000,1.08407,1.08407,1.08407,1.08407,0
03.03.2024 07:00:00.000,1.08407,1.08407,1.08407,1.08407,0
03.03.2024 08:00:00.000,1.08407,1.08407,1.08407,1.08407,0
03.03.2024 09:00:00.000,1.08407,1.08407,1.08407,1.08407,0
03.03.2024 10:00:00.000,1.08407,1.08407,1.08407,1.08407,0
03.03.2024 11:00:00.000,1.08407,1.08407,1.08407,1.08407,0
03.03.2024 12:00:00.000,1.08407,1.08407,1.08407,1.08407,0
03.03.2024 13:00:00.000,1.08407,1.08407,1.08407,1.08407,0
03.03.2024 14:00:00.000,1.08407,1.08407,1.08407,1.08407,0
03.03.2024 15:00:00.000,1.08407,1.08407,1.08407,1.08407,0
03.03.2024 16:00:00.000,1.08407,1.08407,1.08407,1.08407,0
03.03.2024 17:00:00.000,1.08407,1.08407,1.08407,1.08407,0
03.03.2024 18:00:00.000,1.08407,1.08407,1.08407,1.08407,0
03.03.2024 19:00:00.000,1.08407,1.08407,1.08407,1.08407,0
03.03.2024 20:00:00.000,1.08407,1.08407,1.08407,1.08407,0
03.03.2024 21:00:00.000,1.08407,1.08407,1.08407,1.08407,0
03.03.2024 22:00:00.000,1.08416,1.08429,1.08391,1.08412,3567.0899999999992
03.03.2024 23:00:00.000,1.08413,1.08443,1.08408,1.08419,3076.470000000001
04.03.2024 00:00:00.000,1.08419,1.08482,1.08409,1.08460,3114.179999999999
04.03.2024 01:00:00.000,1.08460,1.08460,1.08387,1.08403,2347.96
04.03.2024 02:00:00.000,1.08403,1.08460,1.08387,1.08455,2232.3599999999997
04.03.2024 03:00:00.000,1.08455,1.08458,1.08424,1.08440,1714.0300000000002
04.03.2024 04:00:00.000,1.08441,1.08458,1.08433,1.08439,1456.2400000000002
04.03.2024 05:00:00.000,1.08438,1.08469,1.08429,1.08444,1566.8100000000002
04.03.2024 06:00:00.000,1.08445,1.08480,1.08432,1.08471,3067.1099999999997
04.03.2024 07:00:00.000,1.08472,1.08541,1.08453,1.08539,6917.440000000001
04.03.2024 08:00:00.000,1.08540,1.08580,1.08379,1.08449,13519.369999999999
04.03.2024 09:00:00.000,1.08449,1.08522,1.08423,1.08491,6917.980000000003
04.03.2024 10:00:00.000,1.08491,1.08551,1.08459,1.08538,5385.1200000000035
04.03.2024 11:00:00.000,1.08538,1.08570,1.08519,1.08563,5219.9400000000005
04.03.2024 12:00:00.000,1.08564,1.08576,1.08418,1.08428,5229.239999999998
04.03.2024 13:00:00.000,1.08428,1.08501,1.08403,1.08488,11289.89
04.03.2024 14:00:00.000,1.08488,1.08618,1.08452,1.08599,14109.719999999994
04.03.2024 15:00:00.000,1.08599,1.08638,1.08556,1.08634,9253.399999999998
04.03.2024 16:00:00.000,1.08634,1.08668,1.08570,1.08615,8710.119999999997
04.03.2024 17:00:00.000,1.08616,1.08625,1.08557,1.08580,5280.050000000001
04.03.2024 18:00:00.000,1.08580,1.08608,1.08559,1.08565,3224.709999999999
04.03.2024 19:00:00.000,1.08565,1.08586,1.08555,1.08566,3235.2200000000003
04.03.2024 20:00:00.000,1.08567,1.08597,1.08555,1.08560,6955.2300000000005
04.03.2024 21:00:00.000,1.08561,1.08573,1.08551,1.08559,3262.7000000000003
04.03.2024 22:00:00.000,1.08561,1.08584,1.08539,1.08563,9114.439999999999
04.03.2024 23:00:00.000,1.08563,1.08582,1.08542,1.08542,1104.8299999999997
05.03.2024 00:00:00.000,1.08541,1.08553,1.08515,1.08532,1358.04
05.03.2024 01:00:00.000,1.08532,1.08548,1.08477,1.08496,3087.9400000000005
05.03.2024 02:00:00.000,1.08498,1.08520,1.08486,1.08504,3714.070000000001
05.03.2024 03:00:00.000,1.08503,1.08550,1.08497,1.08543,4135.720000000002
05.03.2024 04:00:00.000,1.08544,1.08544,1.08501,1.08507,1515.7299999999998
05.03.2024 05:00:00.000,1.08506,1.08543,1.08495,1.08531,1918.3799999999994
05.03.2024 06:00:00.000,1.08531,1.08533,1.08448,1.08469,2843.3299999999995
05.03.2024 07:00:00.000,1.08470,1.08514,1.08417,1.08465,4692.009999999999
05.03.2024 08:00:00.000,1.08465,1.08519,1.08431,1.08474,13066.51
05.03.2024 09:00:00.000,1.08474,1.08560,1.08473,1.08516,9070.800000000001
05.03.2024 10:00:00.000,1.08513,1.08551,1.08495,1.08503,4328.31
05.03.2024 11:00:00.000,1.08503,1.08537,1.08481,1.08500,6803.059999999999
05.03.2024 12:00:00.000,1.08499,1.08506,1.08458,1.08474,4712.889999999999
05.03.2024 13:00:00.000,1.08473,1.08518,1.08421,1.08463,8624.039999999999
05.03.2024 14:00:00.000,1.08465,1.08546,1.08405,1.08459,11700.55
05.03.2024 15:00:00.000,1.08460,1.08763,1.08460,1.08715,19443.820000000007
05.03.2024 16:00:00.000,1.08716,1.08720,1.08583,1.08612,10143.369999999995
05.03.2024 17:00:00.000,1.08611,1.08646,1.08579,1.08600,8654.800000000001
05.03.2024 18:00:00.000,1.08600,1.08601,1.08515,1.08528,5352.069999999998
05.03.2024 19:00:00.000,1.08529,1.08579,1.08514,1.08530,6926.399999999999
05.03.2024 20:00:00.000,1.08529,1.08586,1.08492,1.08578,6347.3099999999995
05.03.2024 21:00:00.000,1.08578,1.08592,1.08561,1.08571,3022.67
05.03.2024 22:00:00.000,1.08573,1.08594,1.08561,1.08575,5155.79
05.03.2024 23:00:00.000,1.08574,1.08591,1.08556,1.08557,1538.4499999999998
06.03.2024 00:00:00.000,1.08556,1.08558,1.08493,1.08500,1920.5100000000002
06.03.2024 01:00:00.000,1.08499,1.08504,1.08423,1.08440,5897.91
06.03.2024 02:00:00.000,1.08440,1.08534,1.08440,1.08527,5370.600000000002
06.03.2024 03:00:00.000,1.08528,1.08533,1.08504,1.08508,3405.37
06.03.2024 04:00:00.000,1.08509,1.08524,1.08497,1.08518,2280.5299999999993
06.03.2024 05:00:00.000,1.08519,1.08570,1.08518,1.08553,4501.570000000001
06.03.2024 06:00:00.000,1.08552,1.08607,1.08549,1.08597,5158.36
06.03.2024 07:00:00.000,1.08596,1.08665,1.08587,1.08622,7362.549999999999
06.03.2024 08:00:00.000,1.08620,1.08742,1.08593,1.08733,6776.020000000002
06.03.2024 09:00:00.000,1.08732,1.08779,1.08696,1.08766,8261.580000000002
06.03.2024 10:00:00.000,1.08766,1.08796,1.08736,1.08775,6303.1
06.03.2024 11:00:00.000,1.08776,1.08785,1.08717,1.08759,5268.199999999999
06.03.2024 12:00:00.000,1.08758,1.08787,1.08677,1.08688,4907.2300000000005
06.03.2024 13:00:00.000,1.08689,1.08850,1.08685,1.08850,19095.57
06.03.2024 14:00:00.000,1.08849,1.08895,1.08832,1.08872,11868.920000000002
06.03.2024 15:00:00.000,1.08871,1.09088,1.08814,1.09053,19561.16
06.03.2024 16:00:00.000,1.09054,1.09151,1.08996,1.09123,13552.230000000001
06.03.2024 17:00:00.000,1.09124,1.09154,1.08996,1.09025,10409.31
06.03.2024 18:00:00.000,1.09026,1.09080,1.09007,1.09031,9131.869999999999
06.03.2024 19:00:00.000,1.09030,1.09030,1.08934,1.08969,8106.509999999998
06.03.2024 20:00:00.000,1.08968,1.08996,1.08931,1.08992,6550.56
06.03.2024 21:00:00.000,1.08991,1.08996,1.08956,1.08989,3001.44
06.03.2024 22:00:00.000,1.08994,1.09016,1.08970,1.08987,3854.649999999999
06.03.2024 23:00:00.000,1.08988,1.09016,1.08979,1.08996,2240.6099999999997
07.03.2024 00:00:00.000,1.08996,1.09075,1.08996,1.09032,4671.949999999999
07.03.2024 01:00:00.000,1.09032,1.09043,1.08967,1.08981,5786.4299999999985
07.03.2024 02:00:00.000,1.08980,1.08991,1.08938,1.08985,2778.370000000001
07.03.2024 03:00:00.000,1.08984,1.09016,1.08956,1.09007,2724.1399999999994
07.03.2024 04:00:00.000,1.09007,1.09057,1.09005,1.09036,4322.49
07.03.2024 05:00:00.000,1.09036,1.09056,1.08999,1.09005,2798.41
07.03.2024 06:00:00.000,1.09005,1.09032,1.08987,1.09018,3624.2999999999997
07.03.2024 07:00:00.000,1.09019,1.09045,1.08914,1.08939,6991.31
07.03.2024 08:00:00.000,1.08940,1.08980,1.08879,1.08979,11801.910000000002
07.03.2024 09:00:00.000,1.08979,1.09029,1.08929,1.09018,7427.850000000001
07.03.2024 10:00:00.000,1.09019,1.09021,1.08899,1.08966,5943.240000000002
07.03.2024 11:00:00.000,1.08967,1.08992,1.08925,1.08942,6606.4000000000015
07.03.2024 12:00:00.000,1.08940,1.09002,1.08924,1.08944,9782.01
07.03.2024 13:00:00.000,1.08945,1.08970,1.08680,1.08725,22303.390000000003
07.03.2024 14:00:00.000,1.08724,1.09196,1.08694,1.09158,25455.419899999994
07.03.2024 15:00:00.000,1.09159,1.09311,1.09083,1.09301,14417.570000000002
07.03.2024 16:00:00.000,1.09300,1.09422,1.09248,1.09403,12777.499999999998
07.03.2024 17:00:00.000,1.09402,1.09417,1.09315,1.09371,6104.110000000002
07.03.2024 18:00:00.000,1.09370,1.09448,1.09368,1.09423,6890.759999999998
07.03.2024 19:00:00.000,1.09422,1.09488,1.09409,1.09470,5880.25
07.03.2024 20:00:00.000,1.09470,1.09492,1.09427,1.09472,4523.339999999998
07.03.2024 21:00:00.000,1.09472,1.09491,1.09458,1.09486,2910.120000000001
07.03.2024 22:00:00.000,1.09486,1.09491,1.09458,1.09481,3980.489999999999
07.03.2024 23:00:00.000,1.09478,1.09515,1.09475,1.09512,888.1599999999999
08.03.2024 00:00:00.000,1.09512,1.09558,1.09505,1.09514,1971.7
08.03.2024 01:00:00.000,1.09515,1.09529,1.09468,1.09482,3340.35
08.03.2024 02:00:00.000,1.09482,1.09509,1.09451,1.09458,2211.6300000000006
08.03.2024 03:00:00.000,1.09457,1.09480,1.09444,1.09474,2451.9300000000007
08.03.2024 04:00:00.000,1.09477,1.09492,1.09446,1.09458,1817.7099999999996
08.03.2024 05:00:00.000,1.09457,1.09487,1.09450,1.09467,2465.359999999999
08.03.2024 06:00:00.000,1.09467,1.09492,1.09444,1.09485,2814.5699999999997
08.03.2024 07:00:00.000,1.09485,1.09513,1.09319,1.09340,6174.590000000001
08.03.2024 08:00:00.000,1.09338,1.09390,1.09293,1.09359,10968.119999999999
08.03.2024 09:00:00.000,1.09360,1.09374,1.09263,1.09355,10228.019999999999
08.03.2024 10:00:00.000,1.09353,1.09371,1.09266,1.09335,6159.400000000001
08.03.2024 11:00:00.000,1.09337,1.09391,1.09298,1.09347,5973.980000000001
08.03.2024 12:00:00.000,1.09348,1.09352,1.09282,1.09319,5838.409999999998
08.03.2024 13:00:00.000,1.09321,1.09815,1.09184,1.09583,31434.690000000002
08.03.2024 14:00:00.000,1.09584,1.09668,1.09450,1.09580,26911.1401
08.03.2024 15:00:00.000,1.09579,1.09620,1.09436,1.09610,14375.459999999997
08.03.2024 16:00:00.000,1.09611,1.09616,1.09375,1.09405,12076.16
08.03.2024 17:00:00.000,1.09406,1.09460,1.09371,1.09395,13912.529999999997
08.03.2024 18:00:00.000,1.09395,1.09402,1.09336,1.09373,8527.449999999999
08.03.2024 19:00:00.000,1.09373,1.09422,1.09345,1.09418,6875.859999999999
08.03.2024 20:00:00.000,1.09418,1.09440,1.09347,1.09364,4583.490000000001
08.03.2024 21:00:00.000,1.09365,1.09417,1.09354,1.09417,7008.029999999998
08.03.2024 22:00:00.000,1.09417,1.09417,1.09417,1.09417,0
08.03.2024 23:00:00.000,1.09417,1.09417,1.09417,1.09417,0
09.03.2024 00:00:00.000,1.09417,1.09417,1.09417,1.09417,0
09.03.2024 01:00:00.000,1.09417,1.09417,1.09417,1.09417,0
09.03.2024 02:00:00.000,1.09417,1.09417,1.09417,1.09417,0
09.03.2024 03:00:00.000,1.09417,1.09417,1.09417,1.09417,0
09.03.2024 04:00:00.000,1.09417,1.09417,1.09417,1.09417,0
09.03.2024 05:00:00.000,1.09417,1.09417,1.09417,1.09417,0
09.03.2024 06:00:00.000,1.09417,1.09417,1.09417,1.09417,0
09.03.2024 07:00:00.000,1.09417,1.09417,1.09417,1.09417,0
09.03.2024 08:00:00.000,1.09417,1.09417,1.09417,1.09417,0
09.03.2024 09:00:00.000,1.09417,1.09417,1.09417,1.09417,0
09.03.2024 10:00:00.000,1.09417,1.09417,1.09417,1.09417,0
09.03.2024 11:00:00.000,1.09417,1.09417,1.09417,1.09417,0
09.03.2024 12:00:00.000,1.09417,1.09417,1.09417,1.09417,0
09.03.2024 13:00:00.000,1.09417,1.09417,1.09417,1.09417,0
09.03.2024 14:00:00.000,1.09417,1.09417,1.09417,1.09417,0
09.03.2024 15:00:00.000,1.09417,1.09417,1.09417,1.09417,0
09.03.2024 16:00:00.000,1.09417,1.09417,1.09417,1.09417,0
09.03.2024 17:00:00.000,1.09417,1.09417,1.09417,1.09417,0
09.03.2024 18:00:00.000,1.09417,1.09417,1.09417,1.09417,0
09.03.2024 19:00:00.000,1.09417,1.09417,1.09417,1.09417,0
09.03.2024 20:00:00.000,1.09417,1.09417,1.09417,1.09417,0
09.03.2024 21:00:00.000,1.09417,1.09417,1.09417,1.09417,0
09.03.2024 22:00:00.000,1.09417,1.09417,1.09417,1.09417,0
09.03.2024 23:00:00.000,1.09417,1.09417,1.09417,1.09417,0
10.03.2024 00:00:00.000,1.09417,1.09417,1.09417,1.09417,0
10.03.2024 01:00:00.000,1.09417,1.09417,1.09417,1.09417,0
10.03.2024 02:00:00.000,1.09417,1.09417,1.09417,1.09417,0
10.03.2024 03:00:00.000,1.09417,1.09417,1.09417,1.09417,0
10.03.2024 04:00:00.000,1.09417,1.09417,1.09417,1.09417,0
10.03.2024 05:00:00.000,1.09417,1.09417,1.09417,1.09417,0
10.03.2024 06:00:00.000,1.09417,1.09417,1.09417,1.09417,0
10.03.2024 07:00:00.000,1.09417,1.09417,1.09417,1.09417,0
10.03.2024 08:00:00.000,1.09417,1.09417,1.09417,1.09417,0
10.03.2024 09:00:00.000,1.09417,1.09417,1.09417,1.09417,0
10.03.2024 10:00:00.000,1.09417,1.09417,1.09417,1.09417,0
10.03.2024 11:00:00.000,1.09417,1.09417,1.09417,1.09417,0
10.03.2024 12:00:00.000,1.09417,1.09417,1.09417,1.09417,0
10.03.2024 13:00:00.000,1.09417,1.09417,1.09417,1.09417,0
10.03.2024 14:00:00.000,1.09417,1.09417,1.09417,1.09417,0
10.03.2024 15:00:00.000,1.09417,1.09417,1.09417,1.09417,0
10.03.2024 16:00:00.000,1.09417,1.09417,1.09417,1.09417,0
10.03.2024 17:00:00.000,1.09417,1.09417,1.09417,1.09417,0
10.03.2024 18:00:00.000,1.09417,1.09417,1.09417,1.09417,0
10.03.2024 19:00:00.000,1.09417,1.09417,1.09417,1.09417,0
10.03.2024 20:00:00.000,1.09417,1.09417,1.09417,1.09417,0
10.03.2024 21:00:00.000,1.09492,1.09492,1.09381,1.09398,906.5299999999999
10.03.2024 22:00:00.000,1.09404,1.09410,1.09360,1.09379,1217.4999999999998
10.03.2024 23:00:00.000,1.09379,1.09438,1.09379,1.09429,4746.33
11.03.2024 00:00:00.000,1.09429,1.09468,1.09384,1.09425,2693.33
11.03.2024 01:00:00.000,1.09425,1.09459,1.09391,1.09408,5193.27
11.03.2024 02:00:00.000,1.09407,1.09421,1.09375,1.09390,4923.59
11.03.2024 03:00:00.000,1.09389,1.09444,1.09381,1.09415,3736.0299999999993
11.03.2024 04:00:00.000,1.09415,1.09417,1.09371,1.09388,1322.3099999999995
11.03.2024 05:00:00.000,1.09389,1.09422,1.09389,1.09415,1866.16
11.03.2024 06:00:00.000,1.09412,1.09438,1.09355,1.09422,3065.7800000000007
11.03.2024 07:00:00.000,1.09423,1.09475,1.09372,1.09423,6939.7
11.03.2024 08:00:00.000,1.09420,1.09482,1.09387,1.09447,9410.7
11.03.2024 09:00:00.000,1.09448,1.09450,1.09342,1.09347,6239.019999999998
11.03.2024 10:00:00.000,1.09348,1.09436,1.09332,1.09417,4916.100000000002
11.03.2024 11:00:00.000,1.09417,1.09437,1.09379,1.09431,7474.309999999999
11.03.2024 12:00:00.000,1.09430,1.09434,1.09296,1.09297,7903.789999999998
11.03.2024 13:00:00.000,1.09297,1.09318,1.09179,1.09197,14506.920000000002
11.03.2024 14:00:00.000,1.09197,1.09250,1.09157,1.09246,12901.979999999998
11.03.2024 15:00:00.000,1.09246,1.09290,1.09147,1.09274,10529.11
11.03.2024 16:00:00.000,1.09275,1.09282,1.09231,1.09273,7567.889999999999
11.03.2024 17:00:00.000,1.09273,1.09304,1.09248,1.09254,8364.73
11.03.2024 18:00:00.000,1.09254,1.09263,1.09185,1.09243,4518.090000000001
11.03.2024 19:00:00.000,1.09242,1.09266,1.09222,1.09263,4938.71
11.03.2024 20:00:00.000,1.09264,1.09276,1.09255,1.09264,2830.4800000000005
11.03.2024 21:00:00.000,1.09264,1.09305,1.09215,1.09271,7817.670000000003
11.03.2024 22:00:00.000,1.09268,1.09274,1.09248,1.09254,1748.7700000000002
11.03.2024 23:00:00.000,1.09254,1.09312,1.09253,1.09309,4196.3
12.03.2024 00:00:00.000,1.09309,1.09325,1.09286,1.09287,6351.700000000001
12.03.2024 01:00:00.000,1.09289,1.09346,1.09270,1.09338,7676.199999999999
12.03.2024 02:00:00.000,1.09339,1.09365,1.09304,1.09364,6950.560000000002
12.03.2024 03:00:00.000,1.09365,1.09383,1.09343,1.09365,2482.91
12.03.2024 04:00:00.000,1.09364,1.09383,1.09349,1.09371,2703.5499999999993
12.03.2024 05:00:00.000,1.09371,1.09395,1.09367,1.09387,5710.319999999999
12.03.2024 06:00:00.000,1.09386,1.09394,1.09344,1.09385,6688.189999999998
12.03.2024 07:00:00.000,1.09384,1.09396,1.09317,1.09321,9997.599999999999
12.03.2024 08:00:00.000,1.09320,1.09336,1.09216,1.09250,8978.490000000002
12.03.2024 09:00:00.000,1.09249,1.09336,1.09234,1.09305,9180.55
12.03.2024 10:00:00.000,1.09305,1.09345,1.09269,1.09341,5026.84
12.03.2024 11:00:00.000,1.09341,1.09355,1.09321,1.09338,5802.21
12.03.2024 12:00:00.000,1.09335,1.09440,1.09032,1.09202,36515.920000000006
12.03.2024 13:00:00.000,1.09202,1.09233,1.09024,1.09109,33502
12.03.2024 14:00:00.000,1.09110,1.09196,1.09065,1.09172,15599.270000000004
12.03.2024 15:00:00.000,1.09172,1.09187,1.09076,1.09179,13585.720000000003
12.03.2024 16:00:00.000,1.09178,1.09192,1.09137,1.09179,6713.099999999999
12.03.2024 17:00:00.000,1.09178,1.09209,1.09129,1.09195,8457.629999999996
12.03.2024 18:00:00.000,1.09194,1.09247,1.09187,1.09242,4988.86
12.03.2024 19:00:00.000,1.09243,1.09260,1.09212,1.09259,3448.1199999999994
12.03.2024 20:00:00.000,1.09258,1.09275,1.09252,1.09271,2144.0699999999997
12.03.2024 21:00:00.000,1.09272,1.09284,1.09261,1.09275,6861.380000000001
12.03.2024 22:00:00.000,1.09273,1.09288,1.09268,1.09278,1114.69
12.03.2024 23:00:00.000,1.09279,1.09292,1.09265,1.09270,1921.8099999999997
13.03.2024 00:00:00.000,1.09271,1.09299,1.09260,1.09271,3881.390000000001
13.03.2024 01:00:00.000,1.09271,1.09290,1.09236,1.09240,7084.220000000001
13.03.2024 02:00:00.000,1.09241,1.09277,1.09236,1.09272,5424.86
13.03.2024 03:00:00.000,1.09271,1.09308,1.09253,1.09280,4004.0499999999997
13.03.2024 04:00:00.000,1.09281,1.09283,1.09223,1.09236,4147.269999999999
13.03.2024 05:00:00.000,1.09236,1.09292,1.09229,1.09289,4833.270000000001
13.03.2024 06:00:00.000,1.09290,1.09295,1.09256,1.09282,4740.769999999999
13.03.2024 07:00:00.000,1.09281,1.09320,1.09210,1.09269,8075.0700000000015
13.03.2024 08:00:00.000,1.09270,1.09330,1.09264,1.09278,9046.750000000004
13.03.2024 09:00:00.000,1.09277,1.09283,1.09202,1.09234,7264.4100000000035
13.03.2024 10:00:00.000,1.09231,1.09334,1.09222,1.09308,5973.000000000001
13.03.2024 11:00:00.000,1.09305,1.09459,1.09302,1.09423,7224.289999999998
13.03.2024 12:00:00.000,1.09423,1.09475,1.09338,1.09367,9248.900000000001
13.03.2024 13:00:00.000,1.09368,1.09422,1.09361,1.09374,10837.02
13.03.2024 14:00:00.000,1.09374,1.09445,1.09315,1.09421,10243.49
13.03.2024 15:00:00.000,1.09421,1.09473,1.09382,1.09436,10023.490000000002
13.03.2024 16:00:00.000,1.09435,1.09496,1.09403,1.09492,7537.44
13.03.2024 17:00:00.000,1.09493,1.09640,1.09488,1.09572,9417.109999999997
13.03.2024 18:00:00.000,1.09572,1.09585,1.09504,1.09510,5289.860000000001
13.03.2024 19:00:00.000,1.09510,1.09519,1.09457,1.09473,6290.47
13.03.2024 20:00:00.000,1.09474,1.09495,1.09472,1.09480,2464.5099999999993
13.03.2024 21:00:00.000,1.09488,1.09530,1.09483,1.09497,4263.050000000001
13.03.2024 22:00:00.000,1.09496,1.09518,1.09492,1.09492,1615.2399999999996
13.03.2024 23:00:00.000,1.09492,1.09533,1.09492,1.09533,1848.5699999999997
14.03.2024 00:00:00.000,1.09533,1.09550,1.09462,1.09490,2655.62
14.03.2024 01:00:00.000,1.09490,1.09531,1.09454,1.09489,5751.340000000002
14.03.2024 02:00:00.000,1.09490,1.09499,1.09432,1.09440,4113.240000000002
14.03.2024 03:00:00.000,1.09440,1.09455,1.09415,1.09424,5946.710000000002
14.03.2024 04:00:00.000,1.09423,1.09429,1.09391,1.09426,2686.9800000000005
14.03.2024 05:00:00.000,1.09425,1.09433,1.09393,1.09397,5613.94
14.03.2024 06:00:00.000,1.09398,1.09420,1.09371,1.09379,3963.7900000000004
14.03.2024 07:00:00.000,1.09380,1.09432,1.09318,1.09356,8547.699999999999
14.03.2024 08:00:00.000,1.09355,1.09442,1.09355,1.09380,12731.900000000003
14.03.2024 09:00:00.000,1.09379,1.09445,1.09373,1.09416,10801.32
14.03.2024 10:00:00.000,1.09415,1.09456,1.09380,1.09397,5632.679999999999
14.03.2024 11:00:00.000,1.09397,1.09437,1.09377,1.09417,6305.7
14.03.2024 12:00:00.000,1.09417,1.09450,1.09246,1.09301,32135.719799999995
14.03.2024 13:00:00.000,1.09301,1.09313,1.09089,1.09121,22290.820000000003
14.03.2024 14:00:00.000,1.09121,1.09142,1.08961,1.08979,19053.65
14.03.2024 15:00:00.000,1.08979,1.08997,1.08831,1.08878,13723.259999999997
14.03.2024 16:00:00.000,1.08878,1.08927,1.08848,1.08873,8883.15
14.03.2024 17:00:00.000,1.08872,1.08891,1.08813,1.08866,5551.21
14.03.2024 18:00:00.000,1.08867,1.08900,1.08840,1.08852,5190.5
14.03.2024 19:00:00.000,1.08852,1.08912,1.08808,1.08912,5342.139999999999
14.03.2024 20:00:00.000,1.08911,1.08920,1.08831,1.08836,3419.2699999999995
14.03.2024 21:00:00.000,1.08838,1.08867,1.08827,1.08867,6726.359999999999
14.03.2024 22:00:00.000,1.08867,1.08870,1.08834,1.08844,1614.5400000000004
14.03.2024 23:00:00.000,1.08844,1.08852,1.08827,1.08829,2486.3299999999995
15.03.2024 00:00:00.000,1.08829,1.08847,1.08763,1.08781,4245.7699999999995
15.03.2024 01:00:00.000,1.08781,1.08803,1.08758,1.08773,7870.1500000000015
15.03.2024 02:00:00.000,1.08771,1.08773,1.08732,1.08734,3969.4700000000007
15.03.2024 03:00:00.000,1.08733,1.08784,1.08733,1.08770,2740.91
15.03.2024 04:00:00.000,1.08770,1.08775,1.08750,1.08765,1510.5399999999995
15.03.2024 05:00:00.000,1.08766,1.08774,1.08734,1.08772,3686.8199999999993
15.03.2024 06:00:00.000,1.08772,1.08807,1.08757,1.08799,11101.18
15.03.2024 07:00:00.000,1.08800,1.08850,1.08787,1.08811,13360.480000000003
15.03.2024 08:00:00.000,1.08809,1.08871,1.08782,1.08831,10712.570000000003
15.03.2024 09:00:00.000,1.08831,1.08998,1.08828,1.08983,16285.240000000002
15.03.2024 10:00:00.000,1.08984,1.08997,1.08892,1.08913,8312.039999999999
15.03.2024 11:00:00.000,1.08911,1.08966,1.08871,1.08938,5507.120000000002
15.03.2024 12:00:00.000,1.08937,1.08945,1.08845,1.08874,12684.630000000005
15.03.2024 13:00:00.000,1.08874,1.08950,1.08835,1.08869,14908.5
15.03.2024 14:00:00.000,1.08870,1.08946,1.08845,1.08880,14532.480000000001
15.03.2024 15:00:00.000,1.08881,1.08891,1.08816,1.08877,8373.939999999999
15.03.2024 16:00:00.000,1.08878,1.08902,1.08838,1.08860,7949.509999999999
15.03.2024 17:00:00.000,1.08860,1.08881,1.08837,1.08839,4501.509999999999
15.03.2024 18:00:00.000,1.08838,1.08912,1.08838,1.08905,3687.229999999998
15.03.2024 19:00:00.000,1.08905,1.08915,1.08872,1.08894,4561.9400000000005
15.03.2024 20:00:00.000,1.08895,1.08906,1.08869,1.08905,4035.0299999999997
15.03.2024 21:00:00.000,1.08905,1.08905,1.08905,1.08905,0
15.03.2024 22:00:00.000,1.08905,1.08905,1.08905,1.08905,0
15.03.2024 23:00:00.000,1.08905,1.08905,1.08905,1.08905,0
16.03.2024 00:00:00.000,1.08905,1.08905,1.08905,1.08905,0
16.03.2024 01:00:00.000,1.08905,1.08905,1.08905,1.08905,0
16.03.2024 02:00:00.000,1.08905,1.08905,1.08905,1.08905,0
16.03.2024 03:00:00.000,1.08905,1.08905,1.08905,1.08905,0
16.03.2024 04:00:00.000,1.08905,1.08905,1.08905,1.08905,0
16.03.2024 05:00:00.000,1.08905,1.08905,1.08905,1.08905,0
16.03.2024 06:00:00.000,1.08905,1.08905,1.08905,1.08905,0
16.03.2024 07:00:00.000,1.08905,1.08905,1.08905,1.08905,0
16.03.2024 08:00:00.000,1.08905,1.08905,1.08905,1.08905,0
16.03.2024 09:00:00.000,1.08905,1.08905,1.08905,1.08905,0
16.03.2024 10:00:00.000,1.08905,1.08905,1.08905,1.08905,0
16.03.2024 11:00:00.000,1.08905,1.08905,1.08905,1.08905,0
16.03.2024 12:00:00.000,1.08905,1.08905,1.08905,1.08905,0
16.03.2024 13:00:00.000,1.08905,1.08905,1.08905,1.08905,0
16.03.2024 14:00:00.000,1.08905,1.08905,1.08905,1.08905,0
16.03.2024 15:00:00.000,1.08905,1.08905,1.08905,1.08905,0
16.03.2024 16:00:00.000,1.08905,1.08905,1.08905,1.08905,0
16.03.2024 17:00:00.000,1.08905,1.08905,1.08905,1.08905,0
16.03.2024 18:00:00.000,1.08905,1.08905,1.08905,1.08905,0
16.03.2024 19:00:00.000,1.08905,1.08905,1.08905,1.08905,0
16.03.2024 20:00:00.000,1.08905,1.08905,1.08905,1.08905,0
16.03.2024 21:00:00.000,1.08905,1.08905,1.08905,1.08905,0
16.03.2024 22:00:00.000,1.08905,1.08905,1.08905,1.08905,0
16.03.2024 23:00:00.000,1.08905,1.08905,1.08905,1.08905,0
17.03.2024 00:00:00.000,1.08905,1.08905,1.08905,1.08905,0
17.03.2024 01:00:00.000,1.08905,1.08905,1.08905,1.08905,0
17.03.2024 02:00:00.000,1.08905,1.08905,1.08905,1.08905,0
17.03.2024 03:00:00.000,1.08905,1.08905,1.08905,1.08905,0
17.03.2024 04:00:00.000,1.08905,1.08905,1.08905,1.08905,0
17.03.2024 05:00:00.000,1.08905,1.08905,1.08905,1.08905,0
17.03.2024 06:00:00.000,1.08905,1.08905,1.08905,1.08905,0
17.03.2024 07:00:00.000,1.08905,1.08905,1.08905,1.08905,0
17.03.2024 08:00:00.000,1.08905,1.08905,1.08905,1.08905,0
17.03.2024 09:00:00.000,1.08905,1.08905,1.08905,1.08905,0
17.03.2024 10:00:00.000,1.08905,1.08905,1.08905,1.08905,0
17.03.2024 11:00:00.000,1.08905,1.08905,1.08905,1.08905,0
17.03.2024 12:00:00.000,1.08905,1.08905,1.08905,1.08905,0
17.03.2024 13:00:00.000,1.08905,1.08905,1.08905,1.08905,0
17.03.2024 14:00:00.000,1.08905,1.08905,1.08905,1.08905,0
17.03.2024 15:00:00.000,1.08905,1.08905,1.08905,1.08905,0
17.03.2024 16:00:00.000,1.08905,1.08905,1.08905,1.08905,0
17.03.2024 17:00:00.000,1.08905,1.08905,1.08905,1.08905,0
17.03.2024 18:00:00.000,1.08905,1.08905,1.08905,1.08905,0
17.03.2024 19:00:00.000,1.08905,1.08905,1.08905,1.08905,0
17.03.2024 20:00:00.000,1.08905,1.08905,1.08905,1.08905,0
17.03.2024 21:00:00.000,1.08947,1.08947,1.08884,1.08907,1553.5600000000009
17.03.2024 22:00:00.000,1.08907,1.08916,1.08863,1.08868,3626.5899999999997
17.03.2024 23:00:00.000,1.08868,1.08869,1.08819,1.08838,12646.580000000004
18.03.2024 00:00:00.000,1.08838,1.08884,1.08807,1.08855,4971.36
18.03.2024 01:00:00.000,1.08854,1.08903,1.08830,1.08893,4618.78
18.03.2024 02:00:00.000,1.08893,1.08920,1.08878,1.08894,4763.67
18.03.2024 03:00:00.000,1.08893,1.08907,1.08855,1.08856,3988.749999999999
18.03.2024 04:00:00.000,1.08856,1.08884,1.08856,1.08877,2017.55
18.03.2024 05:00:00.000,1.08876,1.08887,1.08855,1.08873,2666.4199999999996
18.03.2024 06:00:00.000,1.08874,1.08897,1.08868,1.08892,4302.769999999999
18.03.2024 07:00:00.000,1.08892,1.08967,1.08890,1.08925,7777.940000000001
18.03.2024 08:00:00.000,1.08925,1.08980,1.08910,1.08940,8964.879999999997
18.03.2024 09:00:00.000,1.08938,1.09007,1.08928,1.08998,10267.73
18.03.2024 10:00:00.000,1.08998,1.09021,1.08964,1.09000,7249.869999999998
18.03.2024 11:00:00.000,1.08999,1.09062,1.08989,1.09026,6748.05
18.03.2024 12:00:00.000,1.09025,1.09051,1.08900,1.08923,9285.060000000001
18.03.2024 13:00:00.000,1.08924,1.08938,1.08858,1.08893,11711.19
18.03.2024 14:00:00.000,1.08893,1.08935,1.08845,1.08858,9047.739999999996
18.03.2024 15:00:00.000,1.08858,1.08891,1.08812,1.08854,12801.289999999999
18.03.2024 16:00:00.000,1.08854,1.08854,1.08695,1.08725,8640.449999999999
18.03.2024 17:00:00.000,1.08729,1.08753,1.08662,1.08687,6602.809999999998
18.03.2024 18:00:00.000,1.08690,1.08712,1.08675,1.08711,4053.7399999999993
18.03.2024 19:00:00.000,1.08711,1.08734,1.08678,1.08694,4469.31
18.03.2024 20:00:00.000,1.08693,1.08725,1.08693,1.08725,2700.399999999999
18.03.2024 21:00:00.000,1.08731,1.08742,1.08726,1.08741,2331.35
18.03.2024 22:00:00.000,1.08741,1.08742,1.08715,1.08722,754.05
18.03.2024 23:00:00.000,1.08721,1.08737,1.08714,1.08735,3384.44
19.03.2024 00:00:00.000,1.08736,1.08747,1.08695,1.08696,5316.719999999998
19.03.2024 01:00:00.000,1.08696,1.08719,1.08669,1.08684,4878.179999999999
19.03.2024 02:00:00.000,1.08684,1.08749,1.08684,1.08735,3211.7299999999996
19.03.2024 03:00:00.000,1.08735,1.08767,1.08702,1.08742,7886.09
19.03.2024 04:00:00.000,1.08742,1.08767,1.08676,1.08709,6885.5599999999995
19.03.2024 05:00:00.000,1.08708,1.08723,1.08630,1.08643,5584.23
19.03.2024 06:00:00.000,1.08644,1.08686,1.08621,1.08678,11160.640000000001
19.03.2024 07:00:00.000,1.08677,1.08678,1.08519,1.08550,9055.450000000003
19.03.2024 08:00:00.000,1.08549,1.08564,1.08424,1.08477,13022.15
19.03.2024 09:00:00.000,1.08478,1.08503,1.08348,1.08368,6591.95
19.03.2024 10:00:00.000,1.08371,1.08461,1.08371,1.08446,11926.39
19.03.2024 11:00:00.000,1.08444,1.08518,1.08431,1.08505,5971.74
19.03.2024 12:00:00.000,1.08505,1.08563,1.08459,1.08519,16856.82
19.03.2024 13:00:00.000,1.08518,1.08573,1.08495,1.08543,13435.339999999997
19.03.2024 14:00:00.000,1.08544,1.08658,1.08538,1.08625,11869.980000000001
19.03.2024 15:00:00.000,1.08624,1.08624,1.08534,1.08585,6860.2
19.03.2024 16:00:00.000,1.08586,1.08640,1.08547,1.08634,6373.800000000001
19.03.2024 17:00:00.000,1.08635,1.08678,1.08599,1.08637,6028.560000000001
19.03.2024 18:00:00.000,1.08637,1.08653,1.08616,1.08627,4997.799999999999
19.03.2024 19:00:00.000,1.08626,1.08658,1.08612,1.08650,4759.77
19.03.2024 20:00:00.000,1.08648,1.08665,1.08642,1.08664,3310.769999999999
19.03.2024 21:00:00.000,1.08669,1.08680,1.08646,1.08666,7566.390000000001
19.03.2024 22:00:00.000,1.08664,1.08667,1.08649,1.08656,972.5399999999998
19.03.2024 23:00:00.000,1.08657,1.08666,1.08617,1.08618,1998.3099999999993
20.03.2024 00:00:00.000,1.08618,1.08651,1.08586,1.08646,3254.7599999999993
20.03.2024 01:00:00.000,1.08645,1.08659,1.08624,1.08645,4548.64
20.03.2024 02:00:00.000,1.08643,1.08695,1.08630,1.08689,4777.479999999999
20.03.2024 03:00:00.000,1.08692,1.08712,1.08680,1.08701,3816.3399999999992
20.03.2024 04:00:00.000,1.08702,1.08707,1.08664,1.08668,3964.3300000000004
20.03.2024 05:00:00.000,1.08668,1.08686,1.08654,1.08660,3969.9899999999993
20.03.2024 06:00:00.000,1.08658,1.08707,1.08652,1.08704,7229.4299999999985
20.03.2024 07:00:00.000,1.08704,1.08722,1.08652,1.08656,10768.710000000001
20.03.2024 08:00:00.000,1.08655,1.08656,1.08502,1.08524,6774.780000000001
20.03.2024 09:00:00.000,1.08524,1.08525,1.08366,1.08392,13618.349900000001
20.03.2024 10:00:00.000,1.08393,1.08431,1.08366,1.08397,11205.659999999998
20.03.2024 11:00:00.000,1.08397,1.08439,1.08372,1.08428,8661.750000000004
20.03.2024 12:00:00.000,1.08429,1.08451,1.08380,1.08424,8326.21
20.03.2024 13:00:00.000,1.08424,1.08456,1.08374,1.08447,8751.79
20.03.2024 14:00:00.000,1.08448,1.08514,1.08437,1.08498,6069.84
20.03.2024 15:00:00.000,1.08498,1.08563,1.08489,1.08547,8121.689999999999
20.03.2024 16:00:00.000,1.08548,1.08614,1.08537,1.08608,4864.409999999999
20.03.2024 17:00:00.000,1.08609,1.08670,1.08587,1.08656,5454.130000000001
20.03.2024 18:00:00.000,1.08654,1.09178,1.08649,1.09145,52056.709800000004
20.03.2024 19:00:00.000,1.09147,1.09228,1.09022,1.09211,26328.489999999998
20.03.2024 20:00:00.000,1.09210,1.09231,1.09189,1.09225,4614.650000000001
20.03.2024 21:00:00.000,1.09228,1.09241,1.09199,1.09219,5373.079999999999
20.03.2024 22:00:00.000,1.09217,1.09325,1.09217,1.09324,2158.4400000000005
20.03.2024 23:00:00.000,1.09323,1.09377,1.09296,1.09375,4318.09
21.03.2024 00:00:00.000,1.09376,1.09376,1.09309,1.09336,8409.29
21.03.2024 01:00:00.000,1.09336,1.09391,1.09334,1.09354,12672.36
21.03.2024 02:00:00.000,1.09352,1.09374,1.09329,1.09355,4573.039999999999
21.03.2024 03:00:00.000,1.09354,1.09373,1.09337,1.09353,3279.559999999999
21.03.2024 04:00:00.000,1.09353,1.09356,1.09330,1.09335,2808.6400000000012
21.03.2024 05:00:00.000,1.09334,1.09370,1.09318,1.09319,3675.94
21.03.2024 06:00:00.000,1.09319,1.09384,1.09318,1.09379,4347.26
21.03.2024 07:00:00.000,1.09379,1.09428,1.09258,1.09289,8245.239999999998
21.03.2024 08:00:00.000,1.09285,1.09287,1.08874,1.08921,23422.319999999996
21.03.2024 09:00:00.000,1.08922,1.09149,1.08892,1.09131,16420.280000000006
21.03.2024 10:00:00.000,1.09132,1.09238,1.09125,1.09196,10693.679999999997
21.03.2024 11:00:00.000,1.09196,1.09206,1.09051,1.09097,9656.090000000004
21.03.2024 12:00:00.000,1.09099,1.09172,1.09037,1.09117,20079.660000000003
21.03.2024 13:00:00.000,1.09118,1.09119,1.08839,1.08860,23612.069999999996
21.03.2024 14:00:00.000,1.08856,1.08861,1.08708,1.08790,31824.88999999999
21.03.2024 15:00:00.000,1.08789,1.08792,1.08558,1.08606,14646.089999999998
21.03.2024 16:00:00.000,1.08604,1.08649,1.08582,1.08611,14651.54
21.03.2024 17:00:00.000,1.08611,1.08663,1.08563,1.08580,9094.589999999998
21.03.2024 18:00:00.000,1.08580,1.08632,1.08575,1.08625,4918.7
21.03.2024 19:00:00.000,1.08625,1.08629,1.08556,1.08568,3094.9900000000002
21.03.2024 20:00:00.000,1.08568,1.08607,1.08568,1.08607,2474.12
21.03.2024 21:00:00.000,1.08607,1.08636,1.08601,1.08633,6266.049999999999
21.03.2024 22:00:00.000,1.08631,1.08635,1.08607,1.08621,2265.68
21.03.2024 23:00:00.000,1.08618,1.08632,1.08608,1.08622,3607.529999999999
22.03.2024 00:00:00.000,1.08623,1.08682,1.08623,1.08654,3602.2999999999997
22.03.2024 01:00:00.000,1.08653,1.08661,1.08502,1.08506,7034.319999999999
22.03.2024 02:00:00.000,1.08507,1.08526,1.08390,1.08391,4575.780000000002
22.03.2024 03:00:00.000,1.08391,1.08414,1.08361,1.08381,6169.830000000001
22.03.2024 04:00:00.000,1.08380,1.08381,1.08313,1.08335,3621.73
22.03.2024 05:00:00.000,1.08336,1.08422,1.08335,1.08418,8552.16
22.03.2024 06:00:00.000,1.08415,1.08415,1.08272,1.08306,6997.899999999998
22.03.2024 07:00:00.000,1.08305,1.08348,1.08211,1.08249,13435.439999999997
22.03.2024 08:00:00.000,1.08248,1.08298,1.08083,1.08121,11966.699999999999
22.03.2024 09:00:00.000,1.08121,1.08235,1.08120,1.08164,14680.119999999999
22.03.2024 10:00:00.000,1.08164,1.08217,1.08148,1.08165,9319.970000000001
22.03.2024 11:00:00.000,1.08166,1.08226,1.08118,1.08162,8102.29
22.03.2024 12:00:00.000,1.08163,1.08313,1.08147,1.08267,20487.260000000002
22.03.2024 13:00:00.000,1.08267,1.08299,1.08187,1.08297,15340.660000000002
22.03.2024 14:00:00.000,1.08298,1.08319,1.08150,1.08150,7188.950000000001
22.03.2024 15:00:00.000,1.08150,1.08220,1.08105,1.08159,10179.88
22.03.2024 16:00:00.000,1.08159,1.08171,1.08059,1.08060,5981.609999999999
22.03.2024 17:00:00.000,1.08060,1.08107,1.08050,1.08061,4928.000000000001
22.03.2024 18:00:00.000,1.08060,1.08077,1.08041,1.08041,3173.8000000000006
22.03.2024 19:00:00.000,1.08042,1.08070,1.08019,1.08058,3623.04
22.03.2024 20:00:00.000,1.08059,1.08101,1.08052,1.08095,7714.72
22.03.2024 21:00:00.000,1.08095,1.08095,1.08095,1.08095,0
22.03.2024 22:00:00.000,1.08095,1.08095,1.08095,1.08095,0
22.03.2024 23:00:00.000,1.08095,1.08095,1.08095,1.08095,0
23.03.2024 00:00:00.000,1.08095,1.08095,1.08095,1.08095,0
23.03.2024 01:00:00.000,1.08095,1.08095,1.08095,1.08095,0
23.03.2024 02:00:00.000,1.08095,1.08095,1.08095,1.08095,0
23.03.2024 03:00:00.000,1.08095,1.08095,1.08095,1.08095,0
23.03.2024 04:00:00.000,1.08095,1.08095,1.08095,1.08095,0
23.03.2024 05:00:00.000,1.08095,1.08095,1.08095,1.08095,0
23.03.2024 06:00:00.000,1.08095,1.08095,1.08095,1.08095,0
23.03.2024 07:00:00.000,1.08095,1.08095,1.08095,1.08095,0
23.03.2024 08:00:00.000,1.08095,1.08095,1.08095,1.08095,0
23.03.2024 09:00:00.000,1.08095,1.08095,1.08095,1.08095,0
23.03.2024 10:00:00.000,1.08095,1.08095,1.08095,1.08095,0
23.03.2024 11:00:00.000,1.08095,1.08095,1.08095,1.08095,0
23.03.2024 12:00:00.000,1.08095,1.08095,1.08095,1.08095,0
23.03.2024 13:00:00.000,1.08095,1.08095,1.08095,1.08095,0
23.03.2024 14:00:00.000,1.08095,1.08095,1.08095,1.08095,0
23.03.2024 15:00:00.000,1.08095,1.08095,1.08095,1.08095,0
23.03.2024 16:00:00.000,1.08095,1.08095,1.08095,1.08095,0
23.03.2024 17:00:00.000,1.08095,1.08095,1.08095,1.08095,0
23.03.2024 18:00:00.000,1.08095,1.08095,1.08095,1.08095,0
23.03.2024 19:00:00.000,1.08095,1.08095,1.08095,1.08095,0
23.03.2024 20:00:00.000,1.08095,1.08095,1.08095,1.08095,0
23.03.2024 21:00:00.000,1.08095,1.08095,1.08095,1.08095,0
23.03.2024 22:00:00.000,1.08095,1.08095,1.08095,1.08095,0
23.03.2024 23:00:00.000,1.08095,1.08095,1.08095,1.08095,0